campaign_id,advertiser_id,objective,start_date,end_date
CMP00001,ADV0001,Conversions,2024-07-01,2024-08-03
CMP00002,ADV0001,Reach,2024-08-04,2024-12-14
CMP00003,ADV0001,App Installs,2024-12-18,2025-05-28
CMP00004,ADV0002,Traffic,2024-07-14,2024-09-02
CMP00005,ADV0002,Traffic,2024-09-14,2024-12-03
CMP00006,ADV0002,Conversions,2024-12-10,2025-04-28
CMP00007,ADV0002,Traffic,2025-05-06,2025-06-29
CMP00008,ADV0002,App Installs,2025-07-06,2025-12-03
CMP00009,ADV0002,Conversions,2025-12-16,2025-12-31
CMP00010,ADV0002,Conversions,2024-07-01,2024-08-03
CMP00011,ADV0002,Video Views,2024-08-07,2024-12-27
CMP00012,ADV0002,Conversions,2025-01-03,2025-04-02
CMP00013,ADV0002,App Installs,2025-04-16,2025-06-07
CMP00014,ADV0002,App Installs,2025-06-21,2025-11-12
CMP00015,ADV0002,Conversions,2025-11-23,2025-12-31
CMP00016,ADV0003,Conversions,2024-07-01,2024-07-14
CMP00017,ADV0003,Video Views,2024-07-28,2024-10-25
CMP00018,ADV0003,Video Views,2024-11-10,2025-02-28
CMP00019,ADV0003,Traffic,2025-03-08,2025-05-14
CMP00020,ADV0003,Conversions,2025-05-19,2025-07-30
CMP00021,ADV0003,App Installs,2025-08-15,2025-12-31
CMP00022,ADV0003,Video Views,2024-07-01,2024-08-09
CMP00023,ADV0003,Reach,2024-08-21,2024-12-25
CMP00024,ADV0003,Traffic,2024-12-25,2025-05-01
CMP00025,ADV0003,Reach,2025-05-16,2025-08-02
CMP00026,ADV0003,Conversions,2025-08-10,2025-12-09
CMP00027,ADV0003,Reach,2025-12-12,2025-12-31
CMP00028,ADV0004,Traffic,2024-07-01,2024-08-19
CMP00029,ADV0004,Video Views,2024-08-27,2024-12-28
CMP00030,ADV0004,Conversions,2024-07-01,2024-08-11
CMP00031,ADV0004,Conversions,2024-08-18,2024-12-28
CMP00032,ADV0005,Conversions,2024-07-01,2024-08-08
CMP00033,ADV0005,App Installs,2024-08-23,2025-01-16
CMP00034,ADV0005,Conversions,2025-01-28,2025-03-28
CMP00035,ADV0005,App Installs,2025-04-01,2025-07-12
CMP00036,ADV0005,Video Views,2025-07-15,2025-11-12
CMP00037,ADV0005,Conversions,2025-11-23,2025-12-31
CMP00038,ADV0005,Conversions,2024-07-01,2024-07-25
CMP00039,ADV0005,Conversions,2024-08-09,2025-01-07
CMP00040,ADV0005,Conversions,2025-01-23,2025-04-04
CMP00041,ADV0005,Conversions,2025-04-16,2025-06-15
CMP00042,ADV0005,Conversions,2025-06-24,2025-09-03
CMP00043,ADV0005,Video Views,2025-09-20,2025-12-15
CMP00044,ADV0006,Reach,2024-07-01,2024-08-05
CMP00045,ADV0006,Conversions,2024-08-18,2024-10-21
CMP00046,ADV0006,Conversions,2024-11-02,2024-12-21
CMP00047,ADV0006,Reach,2024-12-24,2025-04-25
CMP00048,ADV0006,Traffic,2024-07-01,2024-08-04
CMP00049,ADV0006,Conversions,2024-08-04,2024-10-01
CMP00050,ADV0006,Conversions,2024-10-15,2025-02-06
CMP00051,ADV0006,Reach,2025-02-06,2025-04-25
CMP00052,ADV0007,Conversions,2024-07-01,2024-09-20
CMP00053,ADV0007,Traffic,2024-09-30,2025-01-09
CMP00054,ADV0007,Reach,2025-01-26,2025-04-28
CMP00055,ADV0007,Reach,2025-04-30,2025-06-26
CMP00056,ADV0007,Reach,2024-07-01,2024-07-08
CMP00057,ADV0007,Conversions,2024-07-08,2024-10-01
CMP00058,ADV0007,Conversions,2024-10-15,2025-01-22
CMP00059,ADV0007,Conversions,2025-01-31,2025-04-05
CMP00060,ADV0007,App Installs,2025-04-17,2025-06-26
CMP00061,ADV0008,Conversions,2024-07-01,2024-08-12
CMP00062,ADV0008,App Installs,2024-08-16,2024-11-06
CMP00063,ADV0008,Conversions,2024-11-14,2025-01-10
CMP00064,ADV0008,Traffic,2025-01-18,2025-03-12
CMP00065,ADV0008,Conversions,2025-03-17,2025-05-25
CMP00066,ADV0008,Conversions,2025-06-09,2025-09-19
CMP00067,ADV0008,Conversions,2025-10-02,2025-12-31
CMP00068,ADV0008,Conversions,2024-07-01,2024-09-02
CMP00069,ADV0008,Video Views,2024-09-15,2024-12-19
CMP00070,ADV0008,Video Views,2024-12-31,2025-04-30
CMP00071,ADV0008,Conversions,2025-05-14,2025-07-03
CMP00072,ADV0008,Video Views,2025-07-18,2025-10-15
CMP00073,ADV0008,Conversions,2025-10-31,2025-12-30
CMP00074,ADV0008,Conversions,2024-07-17,2024-12-19
CMP00075,ADV0008,App Installs,2024-12-31,2025-03-23
CMP00076,ADV0008,Traffic,2025-03-26,2025-06-11
CMP00077,ADV0008,Conversions,2025-06-23,2025-09-20
CMP00078,ADV0008,Video Views,2025-10-06,2025-12-31
CMP00079,ADV0008,Video Views,2024-07-01,2024-08-24
CMP00080,ADV0008,Traffic,2024-09-02,2024-11-27
CMP00081,ADV0008,Video Views,2024-11-29,2025-01-22
CMP00082,ADV0008,Traffic,2025-02-02,2025-04-14
CMP00083,ADV0008,Traffic,2025-04-25,2025-06-12
CMP00084,ADV0008,Reach,2025-06-24,2025-11-11
CMP00085,ADV0008,Conversions,2025-11-18,2025-12-31
CMP00086,ADV0009,Traffic,2024-07-01,2024-07-17
CMP00087,ADV0009,Conversions,2024-07-25,2024-09-25
CMP00088,ADV0009,Conversions,2024-10-11,2025-01-06
CMP00089,ADV0009,Conversions,2025-01-10,2025-03-23
CMP00090,ADV0009,Conversions,2025-04-07,2025-05-30
CMP00091,ADV0009,App Installs,2024-07-01,2024-07-29
CMP00092,ADV0009,Traffic,2024-08-12,2024-12-27
CMP00093,ADV0009,Video Views,2025-01-07,2025-04-15
CMP00094,ADV0009,Conversions,2025-04-23,2025-05-30
CMP00095,ADV0010,App Installs,2024-07-01,2024-09-14
CMP00096,ADV0010,App Installs,2024-09-21,2024-11-08
CMP00097,ADV0010,Conversions,2024-11-25,2025-01-26
CMP00098,ADV0010,App Installs,2025-02-11,2025-07-02
CMP00099,ADV0010,App Installs,2025-07-09,2025-11-23
CMP00100,ADV0010,Traffic,2024-07-01,2024-07-24
CMP00101,ADV0010,Traffic,2024-07-31,2024-11-09
CMP00102,ADV0010,Reach,2024-11-18,2025-04-29
CMP00103,ADV0010,Reach,2025-05-11,2025-08-15
CMP00104,ADV0010,Conversions,2025-09-01,2025-11-23
CMP00105,ADV0011,Conversions,2024-07-01,2024-07-29
CMP00106,ADV0011,Conversions,2024-08-12,2024-08-30
CMP00107,ADV0011,Conversions,2024-07-01,2024-08-30
CMP00108,ADV0012,Conversions,2024-07-01,2024-08-04
CMP00109,ADV0012,Traffic,2024-08-12,2024-12-17
CMP00110,ADV0012,Video Views,2025-01-02,2025-04-27
CMP00111,ADV0012,Traffic,2025-04-29,2025-07-18
CMP00112,ADV0012,Conversions,2025-07-26,2025-10-02
CMP00113,ADV0012,Reach,2025-10-05,2025-12-31
CMP00114,ADV0012,App Installs,2024-07-06,2024-11-21
CMP00115,ADV0012,App Installs,2024-12-03,2025-02-21
CMP00116,ADV0012,Conversions,2025-03-01,2025-06-30
CMP00117,ADV0012,Conversions,2025-07-02,2025-09-20
CMP00118,ADV0012,Conversions,2025-09-28,2025-12-02
CMP00119,ADV0012,App Installs,2025-12-02,2025-12-31
CMP00120,ADV0012,Conversions,2024-07-01,2024-11-03
CMP00121,ADV0012,Conversions,2024-11-04,2025-03-08
CMP00122,ADV0012,Conversions,2025-03-12,2025-05-08
CMP00123,ADV0012,Conversions,2025-05-16,2025-09-13
CMP00124,ADV0012,Conversions,2025-09-22,2025-12-31
CMP00125,ADV0012,Traffic,2024-07-08,2024-09-10
CMP00126,ADV0012,Conversions,2024-09-13,2025-01-28
CMP00127,ADV0012,Conversions,2025-02-11,2025-07-22
CMP00128,ADV0012,Conversions,2025-07-25,2025-09-17
CMP00129,ADV0012,Conversions,2025-10-01,2025-12-31
CMP00130,ADV0013,Conversions,2024-07-01,2024-07-22
CMP00131,ADV0013,Video Views,2024-07-26,2024-10-27
CMP00132,ADV0013,Traffic,2024-11-12,2025-02-17
CMP00133,ADV0013,Traffic,2025-02-23,2025-03-28
CMP00134,ADV0013,Video Views,2024-07-01,2024-11-16
CMP00135,ADV0013,App Installs,2024-12-01,2025-03-28
CMP00136,ADV0014,Conversions,2024-07-19,2024-10-30
CMP00137,ADV0014,Traffic,2024-11-05,2025-02-11
CMP00138,ADV0014,Conversions,2025-02-24,2025-07-28
CMP00139,ADV0014,Conversions,2025-08-05,2025-12-31
CMP00140,ADV0014,Conversions,2024-07-01,2024-10-01
CMP00141,ADV0014,Video Views,2024-10-11,2025-01-26
CMP00142,ADV0014,App Installs,2025-01-31,2025-06-01
CMP00143,ADV0014,Conversions,2025-06-11,2025-08-08
CMP00144,ADV0014,Traffic,2025-08-22,2025-11-14
CMP00145,ADV0014,App Installs,2025-11-25,2025-12-31
CMP00146,ADV0014,App Installs,2024-07-01,2024-08-16
CMP00147,ADV0014,Conversions,2024-08-30,2025-01-17
CMP00148,ADV0014,Video Views,2025-01-21,2025-03-25
CMP00149,ADV0014,Conversions,2025-04-10,2025-08-21
CMP00150,ADV0014,Video Views,2025-08-21,2025-12-31
CMP00151,ADV0014,App Installs,2024-07-01,2024-08-23
CMP00152,ADV0014,Video Views,2024-08-25,2024-12-10
CMP00153,ADV0014,Conversions,2024-12-27,2025-03-24
CMP00154,ADV0014,App Installs,2025-03-29,2025-08-21
CMP00155,ADV0014,Video Views,2025-09-04,2025-10-26
CMP00156,ADV0014,Reach,2025-11-01,2025-12-25
CMP00157,ADV0015,App Installs,2024-07-01,2024-08-13
CMP00158,ADV0015,Traffic,2024-08-18,2024-10-17
CMP00159,ADV0015,Video Views,2024-10-28,2024-11-28
CMP00160,ADV0015,Conversions,2024-07-01,2024-11-07
CMP00161,ADV0015,Reach,2024-11-09,2024-11-28
CMP00162,ADV0016,Traffic,2024-07-01,2024-07-09
CMP00163,ADV0016,App Installs,2024-07-18,2024-10-11
CMP00164,ADV0016,Reach,2024-10-26,2025-01-17
CMP00165,ADV0016,Conversions,2025-01-22,2025-03-10
CMP00166,ADV0016,Conversions,2024-07-01,2024-10-14
CMP00167,ADV0016,App Installs,2024-10-16,2024-12-28
CMP00168,ADV0016,Conversions,2025-01-01,2025-03-10
CMP00169,ADV0017,App Installs,2024-07-01,2024-07-29
CMP00170,ADV0017,Traffic,2024-08-13,2024-12-18
CMP00171,ADV0017,Video Views,2024-12-30,2025-03-13
CMP00172,ADV0017,Conversions,2025-03-19,2025-07-08
CMP00173,ADV0017,Conversions,2025-07-09,2025-09-08
CMP00174,ADV0017,Conversions,2025-09-12,2025-12-31
CMP00175,ADV0017,App Installs,2024-07-01,2024-09-09
CMP00176,ADV0017,App Installs,2024-09-13,2024-12-27
CMP00177,ADV0017,Reach,2025-01-11,2025-03-15
CMP00178,ADV0017,Conversions,2025-03-22,2025-08-09
CMP00179,ADV0017,App Installs,2025-08-24,2025-12-31
CMP00180,ADV0018,Conversions,2024-07-03,2024-08-21
CMP00181,ADV0018,App Installs,2024-09-06,2024-11-12
CMP00182,ADV0018,Traffic,2024-11-18,2024-12-28
CMP00183,ADV0018,Conversions,2024-07-01,2024-09-05
CMP00184,ADV0018,Traffic,2024-09-16,2024-12-28
CMP00185,ADV0019,Traffic,2024-07-01,2024-07-16
CMP00186,ADV0019,Video Views,2024-07-17,2024-11-23
CMP00187,ADV0019,Conversions,2024-11-29,2025-05-02
CMP00188,ADV0019,Conversions,2025-05-17,2025-08-13
CMP00189,ADV0019,Video Views,2025-08-14,2025-11-05
CMP00190,ADV0019,Conversions,2024-07-02,2024-10-02
CMP00191,ADV0019,App Installs,2024-10-13,2025-02-28
CMP00192,ADV0019,Conversions,2025-03-04,2025-06-08
CMP00193,ADV0019,Conversions,2025-06-16,2025-08-08
CMP00194,ADV0019,App Installs,2025-08-08,2025-11-05
CMP00195,ADV0020,Video Views,2024-07-01,2024-08-30
CMP00196,ADV0020,Conversions,2024-07-01,2024-07-22
CMP00197,ADV0020,Video Views,2024-08-03,2024-08-30
CMP00198,ADV0020,Video Views,2024-07-01,2024-08-30
CMP00199,ADV0021,Conversions,2024-07-04,2024-09-13
CMP00200,ADV0021,Reach,2024-09-19,2025-02-27
CMP00201,ADV0021,Video Views,2025-03-08,2025-08-06
CMP00202,ADV0021,App Installs,2025-08-12,2025-11-20
CMP00203,ADV0021,Reach,2025-12-05,2025-12-31
CMP00204,ADV0021,Conversions,2024-07-01,2024-07-25
CMP00205,ADV0021,Conversions,2024-08-11,2025-01-18
CMP00206,ADV0021,Conversions,2025-01-26,2025-05-11
CMP00207,ADV0021,Conversions,2025-05-11,2025-07-27
CMP00208,ADV0021,Conversions,2025-08-01,2025-12-18
CMP00209,ADV0021,Reach,2024-07-01,2024-07-24
CMP00210,ADV0021,Conversions,2024-07-29,2024-11-28
CMP00211,ADV0021,Video Views,2024-12-12,2025-02-11
CMP00212,ADV0021,Traffic,2025-02-21,2025-05-14
CMP00213,ADV0021,Traffic,2025-05-31,2025-07-15
CMP00214,ADV0021,Conversions,2025-07-18,2025-10-18
CMP00215,ADV0021,Reach,2025-11-02,2025-12-27
CMP00216,ADV0021,Traffic,2024-07-01,2024-07-17
CMP00217,ADV0021,Conversions,2024-07-24,2024-10-04
CMP00218,ADV0021,Video Views,2024-10-10,2025-01-01
CMP00219,ADV0021,Conversions,2025-01-17,2025-03-09
CMP00220,ADV0021,Traffic,2025-03-21,2025-07-15
CMP00221,ADV0021,App Installs,2025-07-16,2025-12-11
CMP00222,ADV0022,Conversions,2024-07-01,2024-11-01
CMP00223,ADV0022,Traffic,2024-11-13,2025-03-12
CMP00224,ADV0022,Conversions,2025-03-18,2025-06-03
CMP00225,ADV0022,Traffic,2025-06-04,2025-09-04
CMP00226,ADV0022,Conversions,2025-09-09,2025-12-08
CMP00227,ADV0023,Conversions,2024-07-01,2024-07-25
CMP00228,ADV0023,Traffic,2024-07-30,2024-08-30
CMP00229,ADV0023,Conversions,2024-07-01,2024-08-30
CMP00230,ADV0023,Reach,2024-07-01,2024-08-30
CMP00231,ADV0024,Conversions,2024-07-01,2024-10-18
CMP00232,ADV0024,Reach,2024-07-01,2024-10-18
CMP00233,ADV0025,Conversions,2024-07-01,2024-07-11
CMP00234,ADV0025,Video Views,2024-07-18,2024-10-30
CMP00235,ADV0025,Conversions,2024-11-09,2024-11-28
CMP00236,ADV0025,Conversions,2024-07-01,2024-07-18
CMP00237,ADV0025,Video Views,2024-07-18,2024-10-09
CMP00238,ADV0025,Conversions,2024-10-26,2024-11-28
CMP00239,ADV0025,Reach,2024-07-01,2024-10-18
CMP00240,ADV0025,Video Views,2024-10-23,2024-11-28
CMP00241,ADV0026,Conversions,2024-07-08,2024-12-03
CMP00242,ADV0026,Traffic,2024-12-09,2025-03-19
CMP00243,ADV0026,Traffic,2025-04-03,2025-07-12
CMP00244,ADV0026,Conversions,2025-07-20,2025-09-05
CMP00245,ADV0026,Conversions,2025-09-06,2025-12-31
CMP00246,ADV0026,Traffic,2024-07-01,2024-08-04
CMP00247,ADV0026,App Installs,2024-08-17,2024-10-25
CMP00248,ADV0026,Conversions,2024-11-09,2025-02-09
CMP00249,ADV0026,Conversions,2025-02-20,2025-05-26
CMP00250,ADV0026,Conversions,2025-06-08,2025-07-30
CMP00251,ADV0026,Traffic,2025-08-05,2025-12-24
CMP00252,ADV0026,Conversions,2024-07-12,2024-11-11
CMP00253,ADV0026,Traffic,2024-11-18,2025-01-14
CMP00254,ADV0026,Traffic,2025-01-30,2025-05-30
CMP00255,ADV0026,Traffic,2025-06-14,2025-08-01
CMP00256,ADV0026,App Installs,2025-08-16,2025-11-03
CMP00257,ADV0026,App Installs,2025-11-12,2025-12-31
CMP00258,ADV0027,Traffic,2024-07-01,2024-07-12
CMP00259,ADV0027,App Installs,2024-07-13,2024-10-28
CMP00260,ADV0027,Traffic,2024-10-28,2025-02-21
CMP00261,ADV0027,Conversions,2025-03-10,2025-07-08
CMP00262,ADV0028,Conversions,2024-07-17,2024-10-25
CMP00263,ADV0028,Video Views,2024-11-01,2025-02-19
CMP00264,ADV0028,Conversions,2025-03-08,2025-07-29
CMP00265,ADV0028,Conversions,2025-08-13,2025-12-08
CMP00266,ADV0028,Conversions,2025-12-08,2025-12-31
CMP00267,ADV0028,Conversions,2024-07-01,2024-07-09
CMP00268,ADV0028,Reach,2024-07-19,2024-12-23
CMP00269,ADV0028,Conversions,2024-12-24,2025-04-20
CMP00270,ADV0028,Conversions,2025-04-23,2025-06-12
CMP00271,ADV0028,App Installs,2025-06-15,2025-08-30
CMP00272,ADV0028,Video Views,2025-09-04,2025-12-31
CMP00273,ADV0029,Traffic,2024-07-01,2024-08-21
CMP00274,ADV0029,Traffic,2024-08-29,2024-10-23
CMP00275,ADV0029,Conversions,2024-10-28,2024-12-12
CMP00276,ADV0029,Conversions,2024-12-29,2025-02-18
CMP00277,ADV0029,Traffic,2025-03-06,2025-06-21
CMP00278,ADV0029,Conversions,2025-07-05,2025-11-23
CMP00279,ADV0030,App Installs,2024-07-01,2024-09-11
CMP00280,ADV0030,Conversions,2024-09-28,2025-02-06
CMP00281,ADV0030,App Installs,2025-02-07,2025-06-30
CMP00282,ADV0030,Traffic,2025-07-15,2025-11-30
CMP00283,ADV0030,Traffic,2025-12-12,2025-12-31
CMP00284,ADV0030,Conversions,2024-07-01,2024-10-12
CMP00285,ADV0030,Reach,2024-10-16,2025-03-29
CMP00286,ADV0030,Conversions,2025-04-11,2025-08-07
CMP00287,ADV0030,Conversions,2025-08-14,2025-12-16
CMP00288,ADV0031,Video Views,2024-07-01,2024-07-19
CMP00289,ADV0031,Conversions,2024-08-04,2024-12-02
CMP00290,ADV0031,Conversions,2024-12-13,2025-03-12
CMP00291,ADV0031,App Installs,2025-03-14,2025-06-25
CMP00292,ADV0032,App Installs,2024-07-01,2024-09-17
CMP00293,ADV0032,Conversions,2024-09-23,2024-12-09
CMP00294,ADV0032,Conversions,2024-12-11,2024-12-28
CMP00295,ADV0032,Conversions,2024-07-01,2024-10-02
CMP00296,ADV0032,Conversions,2024-10-16,2024-12-13
CMP00297,ADV0032,App Installs,2024-12-21,2024-12-28
CMP00298,ADV0033,App Installs,2024-07-01,2024-10-19
CMP00299,ADV0033,Conversions,2024-10-26,2025-03-11
CMP00300,ADV0033,Video Views,2025-03-21,2025-05-19
CMP00301,ADV0033,App Installs,2025-05-26,2025-09-12
CMP00302,ADV0033,Traffic,2025-09-25,2025-11-22
CMP00303,ADV0033,App Installs,2025-11-28,2025-12-31
CMP00304,ADV0033,App Installs,2024-07-01,2024-10-10
CMP00305,ADV0033,Traffic,2024-10-13,2025-02-21
CMP00306,ADV0033,Conversions,2025-03-01,2025-05-03
CMP00307,ADV0033,App Installs,2025-05-12,2025-08-30
CMP00308,ADV0033,Video Views,2025-09-14,2025-12-31
CMP00309,ADV0034,Traffic,2024-07-01,2024-11-21
CMP00310,ADV0034,Reach,2024-11-25,2025-02-26
CMP00311,ADV0035,Conversions,2024-07-01,2024-08-31
CMP00312,ADV0035,Traffic,2024-09-17,2025-01-15
CMP00313,ADV0035,Video Views,2024-07-01,2024-08-09
CMP00314,ADV0035,Conversions,2024-08-21,2024-12-05
CMP00315,ADV0035,Video Views,2024-12-17,2025-01-20
CMP00316,ADV0036,App Installs,2024-07-01,2024-07-22
CMP00317,ADV0036,Conversions,2024-07-24,2024-09-29
CMP00318,ADV0036,Conversions,2024-07-01,2024-07-13
CMP00319,ADV0036,App Installs,2024-07-16,2024-09-29
CMP00320,ADV0037,App Installs,2024-07-01,2024-10-11
CMP00321,ADV0037,App Installs,2024-10-28,2025-01-11
CMP00322,ADV0037,Conversions,2025-01-26,2025-04-12
CMP00323,ADV0037,Conversions,2025-04-13,2025-09-08
CMP00324,ADV0037,Traffic,2025-09-20,2025-11-07
CMP00325,ADV0038,Conversions,2024-07-01,2024-08-25
CMP00326,ADV0038,Conversions,2024-09-08,2025-01-07
CMP00327,ADV0038,Video Views,2025-01-22,2025-06-16
CMP00328,ADV0038,Reach,2025-06-30,2025-08-24
CMP00329,ADV0038,Conversions,2025-09-09,2025-11-05
CMP00330,ADV0039,Traffic,2024-07-01,2024-07-22
CMP00331,ADV0039,Video Views,2024-08-04,2024-11-06
CMP00332,ADV0039,Conversions,2024-11-08,2025-02-03
CMP00333,ADV0039,Conversions,2025-02-09,2025-04-28
CMP00334,ADV0039,App Installs,2025-05-13,2025-07-19
CMP00335,ADV0039,Traffic,2025-07-25,2025-12-10
CMP00336,ADV0039,Conversions,2024-07-01,2024-09-30
CMP00337,ADV0039,Conversions,2024-10-16,2025-02-25
CMP00338,ADV0039,Traffic,2025-03-13,2025-05-06
CMP00339,ADV0039,Conversions,2025-05-12,2025-07-11
CMP00340,ADV0039,Reach,2025-07-11,2025-09-03
CMP00341,ADV0039,Conversions,2025-09-03,2025-12-31
CMP00342,ADV0039,Video Views,2024-07-01,2024-07-13
CMP00343,ADV0039,Conversions,2024-07-22,2024-11-13
CMP00344,ADV0039,Conversions,2024-11-20,2025-01-21
CMP00345,ADV0039,Traffic,2025-01-27,2025-04-06
CMP00346,ADV0039,Conversions,2025-04-10,2025-07-14
CMP00347,ADV0039,Reach,2025-07-18,2025-09-25
CMP00348,ADV0039,Conversions,2025-09-28,2025-12-31
CMP00349,ADV0039,Video Views,2024-07-01,2024-10-15
CMP00350,ADV0039,Video Views,2024-11-01,2025-01-21
CMP00351,ADV0039,Traffic,2025-01-29,2025-06-30
CMP00352,ADV0039,Conversions,2025-07-10,2025-11-16
CMP00353,ADV0039,Traffic,2025-11-19,2025-12-31
CMP00354,ADV0040,Conversions,2024-07-01,2024-08-04
CMP00355,ADV0040,Conversions,2024-08-15,2024-10-29
CMP00356,ADV0040,Traffic,2024-07-01,2024-09-05
CMP00357,ADV0040,Traffic,2024-09-13,2024-10-29
CMP00358,ADV0041,Conversions,2024-07-01,2024-08-07
CMP00359,ADV0041,App Installs,2024-08-22,2024-11-09
CMP00360,ADV0041,Conversions,2024-11-22,2025-04-29
CMP00361,ADV0041,Conversions,2025-05-09,2025-09-24
CMP00362,ADV0041,Conversions,2025-10-07,2025-12-31
CMP00363,ADV0041,Traffic,2024-07-01,2024-07-31
CMP00364,ADV0041,Reach,2024-08-10,2024-10-03
CMP00365,ADV0041,Video Views,2024-10-05,2025-03-04
CMP00366,ADV0041,Conversions,2025-03-17,2025-08-10
CMP00367,ADV0041,Traffic,2025-08-22,2025-12-31
CMP00368,ADV0041,Conversions,2024-07-01,2024-07-17
CMP00369,ADV0041,Conversions,2024-07-22,2024-11-12
CMP00370,ADV0041,Reach,2024-11-13,2025-01-14
CMP00371,ADV0041,Conversions,2025-01-25,2025-03-13
CMP00372,ADV0041,Conversions,2025-03-30,2025-06-20
CMP00373,ADV0041,Traffic,2025-06-25,2025-11-21
CMP00374,ADV0041,Video Views,2025-12-03,2025-12-31
CMP00375,ADV0041,App Installs,2024-07-01,2024-09-19
CMP00376,ADV0041,App Installs,2024-09-20,2025-02-14
CMP00377,ADV0041,App Installs,2025-02-22,2025-06-18
CMP00378,ADV0041,App Installs,2025-06-18,2025-10-21
CMP00379,ADV0041,App Installs,2025-11-04,2025-12-31
CMP00380,ADV0042,Conversions,2024-07-01,2024-08-01
CMP00381,ADV0042,Reach,2024-08-16,2024-10-30
CMP00382,ADV0042,Video Views,2024-11-07,2025-04-19
CMP00383,ADV0042,App Installs,2025-05-01,2025-06-29
CMP00384,ADV0042,Video Views,2025-07-01,2025-10-11
CMP00385,ADV0042,App Installs,2025-10-19,2025-12-31
CMP00386,ADV0042,App Installs,2024-07-06,2024-10-31
CMP00387,ADV0042,Conversions,2024-11-12,2025-01-22
CMP00388,ADV0042,Conversions,2025-02-07,2025-04-08
CMP00389,ADV0042,Reach,2025-04-15,2025-08-12
CMP00390,ADV0042,App Installs,2025-08-20,2025-12-31
CMP00391,ADV0043,App Installs,2024-07-01,2024-07-31
CMP00392,ADV0043,Conversions,2024-07-01,2024-07-31
CMP00393,ADV0044,Conversions,2024-07-02,2024-11-02
CMP00394,ADV0044,Traffic,2024-11-08,2025-03-02
CMP00395,ADV0044,Conversions,2025-03-09,2025-08-01
CMP00396,ADV0044,Traffic,2025-08-09,2025-09-11
CMP00397,ADV0044,Conversions,2024-07-11,2024-12-14
CMP00398,ADV0044,App Installs,2024-12-24,2025-02-28
CMP00399,ADV0044,App Installs,2025-03-16,2025-07-20
CMP00400,ADV0044,Conversions,2025-07-30,2025-09-11
CMP00401,ADV0045,Traffic,2024-07-01,2024-10-05
CMP00402,ADV0045,Traffic,2024-10-12,2025-01-27
CMP00403,ADV0046,Conversions,2024-07-01,2024-09-01
CMP00404,ADV0046,Conversions,2024-09-04,2024-11-08
CMP00405,ADV0046,App Installs,2024-11-08,2024-12-28
CMP00406,ADV0047,Conversions,2024-07-01,2024-10-03
CMP00407,ADV0047,Conversions,2024-10-15,2024-12-11
CMP00408,ADV0047,Video Views,2024-07-01,2024-07-25
CMP00409,ADV0047,Conversions,2024-08-05,2024-11-21
CMP00410,ADV0047,Conversions,2024-11-24,2024-12-28
CMP00411,ADV0047,App Installs,2024-07-01,2024-07-19
CMP00412,ADV0047,Conversions,2024-07-31,2024-10-06
CMP00413,ADV0047,Video Views,2024-10-13,2024-12-28
CMP00414,ADV0048,Traffic,2024-07-01,2024-08-11
CMP00415,ADV0048,Conversions,2024-08-21,2025-01-29
CMP00416,ADV0048,App Installs,2025-02-15,2025-07-14
CMP00417,ADV0048,Conversions,2025-07-25,2025-09-07
CMP00418,ADV0049,App Installs,2024-07-01,2024-08-06
CMP00419,ADV0049,Conversions,2024-08-12,2024-10-13
CMP00420,ADV0049,Conversions,2024-10-13,2024-12-15
CMP00421,ADV0049,Conversions,2024-12-15,2025-04-30
CMP00422,ADV0049,Conversions,2025-05-11,2025-09-25
CMP00423,ADV0049,Video Views,2025-10-01,2025-12-31
CMP00424,ADV0049,Video Views,2024-07-01,2024-07-14
CMP00425,ADV0049,Conversions,2024-07-18,2024-11-23
CMP00426,ADV0049,Reach,2024-11-24,2025-01-28
CMP00427,ADV0049,Video Views,2025-02-04,2025-07-10
CMP00428,ADV0049,App Installs,2025-07-19,2025-10-07
CMP00429,ADV0049,Reach,2025-10-08,2025-11-24
CMP00430,ADV0049,App Installs,2025-12-02,2025-12-31
CMP00431,ADV0050,Conversions,2024-07-01,2024-07-08
CMP00432,ADV0050,Traffic,2024-07-25,2024-10-11
CMP00433,ADV0050,Conversions,2024-07-01,2024-07-25
CMP00434,ADV0050,Video Views,2024-08-03,2024-09-18
CMP00435,ADV0050,Traffic,2024-09-25,2024-10-11
CMP00436,ADV0050,App Installs,2024-07-01,2024-07-28
CMP00437,ADV0050,Conversions,2024-08-10,2024-10-11
CMP00438,ADV0050,Video Views,2024-07-01,2024-07-08
CMP00439,ADV0050,App Installs,2024-07-20,2024-10-11
CMP00440,ADV0051,Conversions,2024-07-01,2024-08-21
CMP00441,ADV0051,Traffic,2024-08-25,2024-11-14
CMP00442,ADV0051,Conversions,2024-11-22,2025-04-29
CMP00443,ADV0051,Reach,2025-05-04,2025-06-13
CMP00444,ADV0052,Traffic,2024-07-01,2024-10-06
CMP00445,ADV0052,Conversions,2024-10-17,2024-12-28
CMP00446,ADV0053,Conversions,2024-07-01,2024-08-03
CMP00447,ADV0053,Conversions,2024-08-18,2024-12-05
CMP00448,ADV0053,Traffic,2024-12-16,2025-05-10
CMP00449,ADV0053,Reach,2025-05-11,2025-09-24
CMP00450,ADV0054,App Installs,2024-07-01,2024-07-13
CMP00451,ADV0054,Traffic,2024-07-19,2024-11-16
CMP00452,ADV0054,Conversions,2024-11-26,2025-03-07
CMP00453,ADV0054,App Installs,2025-03-09,2025-05-08
CMP00454,ADV0054,App Installs,2025-05-11,2025-05-27
CMP00455,ADV0054,App Installs,2024-07-01,2024-08-14
CMP00456,ADV0054,App Installs,2024-08-26,2025-01-02
CMP00457,ADV0054,Conversions,2025-01-16,2025-04-03
CMP00458,ADV0054,App Installs,2025-04-18,2025-05-27
CMP00459,ADV0054,App Installs,2024-07-01,2024-07-10
CMP00460,ADV0054,Traffic,2024-07-10,2024-10-09
CMP00461,ADV0054,Conversions,2024-10-11,2024-12-07
CMP00462,ADV0054,Traffic,2024-12-23,2025-04-20
CMP00463,ADV0054,Video Views,2025-04-22,2025-05-27
CMP00464,ADV0055,Conversions,2024-07-01,2024-11-15
CMP00465,ADV0055,Reach,2024-12-02,2025-04-11
CMP00466,ADV0055,Conversions,2025-04-15,2025-06-13
CMP00467,ADV0055,Conversions,2025-06-24,2025-11-28
CMP00468,ADV0055,App Installs,2025-12-11,2025-12-31
CMP00469,ADV0055,Video Views,2024-07-01,2024-08-16
CMP00470,ADV0055,Video Views,2024-08-27,2024-12-25
CMP00471,ADV0055,Conversions,2025-01-10,2025-05-16
CMP00472,ADV0055,Video Views,2025-05-29,2025-07-24
CMP00473,ADV0055,Conversions,2025-07-28,2025-12-16
CMP00474,ADV0055,Reach,2024-07-01,2024-10-11
CMP00475,ADV0055,Reach,2024-10-16,2025-02-18
CMP00476,ADV0055,App Installs,2025-02-23,2025-06-29
CMP00477,ADV0055,App Installs,2025-07-06,2025-09-27
CMP00478,ADV0055,Traffic,2025-10-09,2025-12-31
CMP00479,ADV0056,Conversions,2024-07-01,2024-08-09
CMP00480,ADV0056,Traffic,2024-08-18,2024-12-12
CMP00481,ADV0056,Traffic,2024-12-16,2025-03-28
CMP00482,ADV0056,Conversions,2025-04-14,2025-05-31
CMP00483,ADV0056,Conversions,2025-06-07,2025-09-05
CMP00484,ADV0056,App Installs,2025-09-20,2025-11-30
CMP00485,ADV0056,Conversions,2025-12-09,2025-12-31
CMP00486,ADV0056,Conversions,2024-07-01,2024-08-08
CMP00487,ADV0056,Reach,2024-08-18,2025-01-07
CMP00488,ADV0056,Traffic,2025-01-16,2025-03-10
CMP00489,ADV0056,Conversions,2025-03-11,2025-06-13
CMP00490,ADV0056,Video Views,2025-06-23,2025-09-12
CMP00491,ADV0056,App Installs,2025-09-21,2025-11-28
CMP00492,ADV0056,Video Views,2025-12-15,2025-12-31
CMP00493,ADV0056,Conversions,2024-07-01,2024-08-07
CMP00494,ADV0056,Traffic,2024-08-08,2024-12-06
CMP00495,ADV0056,Traffic,2024-12-12,2025-04-02
CMP00496,ADV0056,Video Views,2025-04-15,2025-09-09
CMP00497,ADV0056,Conversions,2025-09-19,2025-12-31
CMP00498,ADV0057,Video Views,2024-07-01,2024-07-17
CMP00499,ADV0057,Traffic,2024-07-26,2024-11-27
CMP00500,ADV0057,Traffic,2024-12-11,2025-03-11
CMP00501,ADV0057,Conversions,2025-03-11,2025-05-18
CMP00502,ADV0057,Conversions,2025-05-24,2025-08-05
CMP00503,ADV0057,Conversions,2025-08-16,2025-12-04
CMP00504,ADV0057,App Installs,2025-12-06,2025-12-31
CMP00505,ADV0057,Video Views,2024-07-01,2024-11-14
CMP00506,ADV0057,Video Views,2024-11-28,2025-01-21
CMP00507,ADV0057,Conversions,2025-02-06,2025-05-04
CMP00508,ADV0057,Conversions,2025-05-18,2025-08-31
CMP00509,ADV0057,Conversions,2025-09-14,2025-12-31
CMP00510,ADV0058,Video Views,2024-07-01,2024-07-19
CMP00511,ADV0058,Traffic,2024-07-21,2024-11-03
CMP00512,ADV0058,Conversions,2024-11-09,2024-12-27
CMP00513,ADV0058,Video Views,2025-01-07,2025-05-22
CMP00514,ADV0058,Conversions,2025-05-28,2025-08-10
CMP00515,ADV0058,Video Views,2025-08-17,2025-12-31
CMP00516,ADV0058,Reach,2024-07-01,2024-07-26
CMP00517,ADV0058,Traffic,2024-07-28,2024-10-16
CMP00518,ADV0058,Conversions,2024-11-01,2025-03-19
CMP00519,ADV0058,App Installs,2025-03-20,2025-06-14
CMP00520,ADV0058,Conversions,2025-06-16,2025-08-25
CMP00521,ADV0058,App Installs,2025-09-02,2025-11-13
CMP00522,ADV0058,Reach,2025-11-28,2025-12-31
CMP00523,ADV0059,Conversions,2024-07-01,2024-07-17
CMP00524,ADV0059,Traffic,2024-07-25,2024-09-12
CMP00525,ADV0059,Reach,2024-09-15,2024-12-18
CMP00526,ADV0059,Conversions,2025-01-01,2025-03-03
CMP00527,ADV0059,Traffic,2025-03-05,2025-07-24
CMP00528,ADV0059,Conversions,2025-07-31,2025-11-07
CMP00529,ADV0059,App Installs,2025-11-17,2025-12-31
CMP00530,ADV0059,Conversions,2024-07-01,2024-09-03
CMP00531,ADV0059,App Installs,2024-09-06,2024-10-24
CMP00532,ADV0059,Conversions,2024-11-09,2024-12-28
CMP00533,ADV0059,Conversions,2025-01-01,2025-05-14
CMP00534,ADV0059,Conversions,2025-05-23,2025-09-24
CMP00535,ADV0059,Conversions,2025-09-28,2025-12-24
CMP00536,ADV0059,Video Views,2024-07-01,2024-07-13
CMP00537,ADV0059,Video Views,2024-07-30,2024-11-22
CMP00538,ADV0059,Conversions,2024-12-07,2025-05-13
CMP00539,ADV0059,Conversions,2025-05-18,2025-07-08
CMP00540,ADV0059,Video Views,2025-07-09,2025-10-04
CMP00541,ADV0059,Reach,2025-10-18,2025-12-31
CMP00542,ADV0059,Conversions,2024-07-01,2024-09-14
CMP00543,ADV0059,Conversions,2024-09-20,2025-02-17
CMP00544,ADV0059,Conversions,2025-02-23,2025-07-15
CMP00545,ADV0059,Traffic,2025-07-17,2025-09-26
CMP00546,ADV0059,Video Views,2025-10-10,2025-12-31
CMP00547,ADV0059,Video Views,2024-07-01,2024-07-09
CMP00548,ADV0059,Conversions,2024-07-16,2024-11-09
CMP00549,ADV0059,Conversions,2024-11-26,2025-05-06
CMP00550,ADV0059,App Installs,2025-05-20,2025-10-02
CMP00551,ADV0059,Video Views,2025-10-06,2025-12-31
CMP00552,ADV0060,Conversions,2024-07-01,2024-08-22
CMP00553,ADV0060,Traffic,2024-09-05,2024-10-28
CMP00554,ADV0060,Reach,2024-10-28,2025-01-30
CMP00555,ADV0060,Reach,2025-02-13,2025-07-26
CMP00556,ADV0060,Video Views,2025-08-03,2025-10-03
CMP00557,ADV0060,Traffic,2025-10-09,2025-12-09
CMP00558,ADV0060,App Installs,2024-07-01,2024-08-11
CMP00559,ADV0060,Conversions,2024-08-12,2024-12-31
CMP00560,ADV0060,Conversions,2025-01-01,2025-06-07
CMP00561,ADV0060,App Installs,2025-06-10,2025-09-22
CMP00562,ADV0060,Conversions,2025-09-27,2025-12-09
CMP00563,ADV0060,Video Views,2024-07-01,2024-11-16
CMP00564,ADV0060,Traffic,2024-11-16,2025-01-07
CMP00565,ADV0060,Traffic,2025-01-14,2025-03-18
CMP00566,ADV0060,Conversions,2025-03-20,2025-06-10
CMP00567,ADV0060,Traffic,2025-06-18,2025-08-14
CMP00568,ADV0060,Traffic,2025-08-24,2025-10-14
CMP00569,ADV0060,Video Views,2025-10-24,2025-12-09
CMP00570,ADV0061,App Installs,2024-07-01,2024-08-08
CMP00571,ADV0061,Conversions,2024-08-13,2024-10-03
CMP00572,ADV0061,Reach,2024-10-11,2025-01-22
CMP00573,ADV0061,App Installs,2025-01-22,2025-07-03
CMP00574,ADV0061,Conversions,2025-07-09,2025-08-30
CMP00575,ADV0061,Video Views,2025-09-10,2025-11-03
CMP00576,ADV0061,Conversions,2025-11-09,2025-12-03
CMP00577,ADV0061,App Installs,2024-07-01,2024-08-12
CMP00578,ADV0061,Conversions,2024-08-18,2025-01-26
CMP00579,ADV0061,Conversions,2025-01-27,2025-05-18
CMP00580,ADV0061,Traffic,2025-06-03,2025-08-20
CMP00581,ADV0061,Video Views,2025-08-22,2025-10-22
CMP00582,ADV0061,Traffic,2025-10-29,2025-12-03
CMP00583,ADV0061,Traffic,2024-07-18,2024-12-20
CMP00584,ADV0061,App Installs,2024-12-31,2025-05-28
CMP00585,ADV0061,Traffic,2025-06-06,2025-11-12
CMP00586,ADV0061,Reach,2025-11-23,2025-12-03
CMP00587,ADV0062,Traffic,2024-07-01,2024-07-21
CMP00588,ADV0062,Conversions,2024-08-01,2024-08-30
CMP00589,ADV0062,App Installs,2024-07-07,2024-08-30
CMP00590,ADV0063,Video Views,2024-07-01,2024-08-17
CMP00591,ADV0063,Traffic,2024-08-26,2025-01-07
CMP00592,ADV0063,App Installs,2025-01-10,2025-03-28
CMP00593,ADV0063,Traffic,2024-07-01,2024-10-09
CMP00594,ADV0063,Conversions,2024-10-18,2025-02-04
CMP00595,ADV0063,App Installs,2025-02-19,2025-03-28
CMP00596,ADV0064,Reach,2024-07-02,2024-11-20
CMP00597,ADV0064,Conversions,2024-12-04,2025-04-16
CMP00598,ADV0064,Video Views,2025-04-24,2025-06-08
CMP00599,ADV0064,Traffic,2025-06-11,2025-10-24
CMP00600,ADV0064,Traffic,2025-10-24,2025-12-31
CMP00601,ADV0064,Video Views,2024-07-01,2024-08-27
CMP00602,ADV0064,Reach,2024-09-02,2024-10-26
CMP00603,ADV0064,Conversions,2024-11-07,2025-04-04
CMP00604,ADV0064,Conversions,2025-04-16,2025-09-02
CMP00605,ADV0064,App Installs,2025-09-19,2025-12-19
CMP00606,ADV0065,Conversions,2024-07-01,2024-07-31
CMP00607,ADV0065,Conversions,2024-07-01,2024-07-23
CMP00608,ADV0065,Conversions,2024-07-23,2024-07-31
CMP00609,ADV0066,Video Views,2024-07-02,2024-10-21
CMP00610,ADV0066,App Installs,2024-10-23,2025-02-07
CMP00611,ADV0066,Traffic,2025-02-14,2025-06-14
CMP00612,ADV0066,Traffic,2025-06-22,2025-11-21
CMP00613,ADV0066,Traffic,2025-11-29,2025-12-31
CMP00614,ADV0067,Traffic,2024-07-01,2024-08-25
CMP00615,ADV0067,App Installs,2024-08-28,2024-10-19
CMP00616,ADV0067,Conversions,2024-11-02,2024-12-28
CMP00617,ADV0067,App Installs,2025-01-07,2025-06-17
CMP00618,ADV0067,Conversions,2025-06-23,2025-11-14
CMP00619,ADV0067,Traffic,2025-12-01,2025-12-31
CMP00620,ADV0067,Conversions,2024-07-01,2024-10-19
CMP00621,ADV0067,Conversions,2024-10-25,2025-03-01
CMP00622,ADV0067,Conversions,2025-03-01,2025-06-09
CMP00623,ADV0067,Reach,2025-06-12,2025-07-31
CMP00624,ADV0067,Conversions,2025-08-07,2025-12-31
CMP00625,ADV0067,App Installs,2024-07-10,2024-12-04
CMP00626,ADV0067,App Installs,2024-12-06,2025-02-13
CMP00627,ADV0067,App Installs,2025-02-15,2025-06-09
CMP00628,ADV0067,Traffic,2025-06-12,2025-10-24
CMP00629,ADV0067,Conversions,2025-11-05,2025-12-31
CMP00630,ADV0068,Video Views,2024-07-01,2024-08-04
CMP00631,ADV0068,Reach,2024-08-10,2024-10-21
CMP00632,ADV0068,Conversions,2024-11-05,2025-02-23
CMP00633,ADV0068,Conversions,2025-03-08,2025-05-18
CMP00634,ADV0068,Conversions,2025-05-22,2025-06-26
CMP00635,ADV0068,Conversions,2024-07-01,2024-08-02
CMP00636,ADV0068,Conversions,2024-08-18,2025-01-23
CMP00637,ADV0068,Traffic,2025-02-04,2025-06-26
CMP00638,ADV0069,Reach,2024-07-01,2024-07-23
CMP00639,ADV0069,Traffic,2024-08-05,2024-11-21
CMP00640,ADV0069,Traffic,2024-11-21,2025-04-05
CMP00641,ADV0069,App Installs,2025-04-07,2025-08-26
CMP00642,ADV0069,Video Views,2025-08-28,2025-12-31
CMP00643,ADV0069,Video Views,2024-07-01,2024-08-28
CMP00644,ADV0069,Video Views,2024-09-03,2024-12-25
CMP00645,ADV0069,Conversions,2025-01-11,2025-06-15
CMP00646,ADV0069,Conversions,2025-06-15,2025-09-23
CMP00647,ADV0069,App Installs,2025-10-04,2025-12-31
CMP00648,ADV0069,Conversions,2024-07-01,2024-08-23
CMP00649,ADV0069,Reach,2024-08-29,2024-11-19
CMP00650,ADV0069,Traffic,2024-12-04,2025-02-21
CMP00651,ADV0069,Traffic,2025-03-09,2025-05-06
CMP00652,ADV0069,Conversions,2025-05-08,2025-09-30
CMP00653,ADV0069,Video Views,2025-10-17,2025-12-31
CMP00654,ADV0070,Conversions,2024-07-01,2024-09-06
CMP00655,ADV0070,Video Views,2024-09-23,2025-02-08
CMP00656,ADV0070,Conversions,2025-02-13,2025-02-26
CMP00657,ADV0070,Video Views,2024-07-12,2024-11-30
CMP00658,ADV0070,App Installs,2024-12-17,2025-02-26
CMP00659,ADV0070,Video Views,2024-07-01,2024-07-10
CMP00660,ADV0070,Reach,2024-07-21,2024-11-06
CMP00661,ADV0070,Traffic,2024-11-23,2025-01-27
CMP00662,ADV0070,Video Views,2025-01-31,2025-02-26
CMP00663,ADV0071,Traffic,2024-07-01,2024-08-21
CMP00664,ADV0071,Reach,2024-09-01,2024-10-23
CMP00665,ADV0071,App Installs,2024-10-25,2025-03-30
CMP00666,ADV0071,Conversions,2025-04-02,2025-09-02
CMP00667,ADV0071,Conversions,2025-09-05,2025-12-23
CMP00668,ADV0071,App Installs,2025-12-24,2025-12-31
CMP00669,ADV0071,Conversions,2024-07-01,2024-09-02
CMP00670,ADV0071,App Installs,2024-09-11,2024-11-13
CMP00671,ADV0071,Conversions,2024-11-20,2025-03-15
CMP00672,ADV0071,Conversions,2025-03-28,2025-05-22
CMP00673,ADV0071,Conversions,2025-06-01,2025-10-21
CMP00674,ADV0071,Conversions,2025-10-26,2025-12-31
CMP00675,ADV0072,App Installs,2024-07-01,2024-08-30
CMP00676,ADV0072,Traffic,2024-07-01,2024-08-30
CMP00677,ADV0073,Conversions,2024-07-08,2024-10-10
CMP00678,ADV0073,Traffic,2024-10-11,2024-11-28
CMP00679,ADV0074,Reach,2024-07-01,2024-07-31
CMP00680,ADV0074,Traffic,2024-07-03,2024-07-31
CMP00681,ADV0075,Conversions,2024-07-01,2024-09-13
CMP00682,ADV0075,Reach,2024-09-26,2025-01-10
CMP00683,ADV0075,Conversions,2025-01-13,2025-03-13
CMP00684,ADV0075,Conversions,2025-03-28,2025-08-02
CMP00685,ADV0075,App Installs,2025-08-08,2025-09-28
CMP00686,ADV0075,Conversions,2025-10-06,2025-12-31
CMP00687,ADV0075,Traffic,2024-07-01,2024-08-06
CMP00688,ADV0075,App Installs,2024-08-07,2025-01-15
CMP00689,ADV0075,App Installs,2025-01-27,2025-04-21
CMP00690,ADV0075,Conversions,2025-04-30,2025-07-28
CMP00691,ADV0075,Traffic,2025-08-07,2025-09-30
CMP00692,ADV0075,Traffic,2025-10-15,2025-12-28
CMP00693,ADV0075,Conversions,2024-07-01,2024-07-30
CMP00694,ADV0075,Traffic,2024-07-31,2024-10-15
CMP00695,ADV0075,Reach,2024-10-21,2025-01-13
CMP00696,ADV0075,Video Views,2025-01-18,2025-04-03
CMP00697,ADV0075,App Installs,2025-04-04,2025-07-23
CMP00698,ADV0075,Traffic,2025-08-04,2025-12-04
CMP00699,ADV0075,Conversions,2025-12-05,2025-12-31
CMP00700,ADV0075,Traffic,2024-07-01,2024-08-10
CMP00701,ADV0075,Video Views,2024-08-13,2024-10-25
CMP00702,ADV0075,Video Views,2024-11-02,2025-03-08
CMP00703,ADV0075,Traffic,2025-03-19,2025-08-02
CMP00704,ADV0075,Conversions,2025-08-10,2025-12-18
CMP00705,ADV0076,Conversions,2024-07-01,2024-07-10
CMP00706,ADV0076,Conversions,2024-07-25,2025-01-05
CMP00707,ADV0076,Reach,2025-01-09,2025-02-28
CMP00708,ADV0076,Conversions,2025-03-09,2025-05-17
CMP00709,ADV0076,Conversions,2025-05-21,2025-10-22
CMP00710,ADV0076,Conversions,2025-10-24,2025-12-22
CMP00711,ADV0077,App Installs,2024-07-10,2024-09-27
CMP00712,ADV0077,Traffic,2024-10-06,2025-01-27
CMP00713,ADV0077,App Installs,2024-07-01,2024-09-30
CMP00714,ADV0077,App Installs,2024-10-11,2025-01-27
CMP00715,ADV0078,Conversions,2024-07-01,2024-08-23
CMP00716,ADV0078,Conversions,2024-09-08,2025-01-04
CMP00717,ADV0078,Conversions,2025-01-21,2025-05-26
CMP00718,ADV0078,Traffic,2025-06-06,2025-08-03
CMP00719,ADV0078,Reach,2025-08-17,2025-12-31
CMP00720,ADV0079,Video Views,2024-07-01,2024-07-16
CMP00721,ADV0079,Traffic,2024-07-16,2024-09-29
CMP00722,ADV0080,Traffic,2024-07-10,2024-08-31
CMP00723,ADV0080,Reach,2024-09-05,2024-11-19
CMP00724,ADV0080,Video Views,2024-11-26,2025-04-17
CMP00725,ADV0080,Conversions,2025-04-29,2025-06-25
CMP00726,ADV0080,App Installs,2025-07-01,2025-09-28
CMP00727,ADV0080,App Installs,2025-09-30,2025-12-31
CMP00728,ADV0080,Conversions,2024-07-01,2024-08-11
CMP00729,ADV0080,Traffic,2024-08-11,2025-01-20
CMP00730,ADV0080,Conversions,2025-02-01,2025-06-11
CMP00731,ADV0080,Conversions,2025-06-11,2025-11-20
CMP00732,ADV0080,Reach,2025-12-04,2025-12-31
CMP00733,ADV0080,Traffic,2024-07-01,2024-09-23
CMP00734,ADV0080,Conversions,2024-10-04,2024-12-06
CMP00735,ADV0080,Video Views,2024-12-14,2025-01-29
CMP00736,ADV0080,Video Views,2025-02-05,2025-04-16
CMP00737,ADV0080,Traffic,2025-04-29,2025-08-01
CMP00738,ADV0080,Traffic,2025-08-11,2025-10-02
CMP00739,ADV0080,Conversions,2025-10-10,2025-12-31
CMP00740,ADV0081,App Installs,2024-07-01,2024-07-26
CMP00741,ADV0081,App Installs,2024-08-08,2024-10-05
CMP00742,ADV0081,Traffic,2024-10-14,2024-12-07
CMP00743,ADV0081,Conversions,2024-12-23,2025-06-01
CMP00744,ADV0081,Video Views,2025-06-03,2025-08-04
CMP00745,ADV0081,Video Views,2025-08-16,2025-12-31
CMP00746,ADV0081,Traffic,2024-07-19,2024-11-11
CMP00747,ADV0081,Conversions,2024-11-27,2025-02-04
CMP00748,ADV0081,Conversions,2025-02-20,2025-04-14
CMP00749,ADV0081,Reach,2025-04-20,2025-06-16
CMP00750,ADV0081,Conversions,2025-07-01,2025-09-01
CMP00751,ADV0081,Conversions,2025-09-18,2025-12-31
CMP00752,ADV0082,App Installs,2024-07-11,2024-11-24
CMP00753,ADV0082,Traffic,2024-12-02,2025-01-19
CMP00754,ADV0082,Conversions,2025-02-03,2025-06-30
CMP00755,ADV0082,Traffic,2025-07-05,2025-12-04
CMP00756,ADV0082,App Installs,2025-12-09,2025-12-31
CMP00757,ADV0083,Traffic,2024-07-05,2024-11-18
CMP00758,ADV0083,App Installs,2024-11-27,2025-04-17
CMP00759,ADV0083,Conversions,2025-04-20,2025-07-07
CMP00760,ADV0083,App Installs,2025-07-11,2025-08-25
CMP00761,ADV0083,Video Views,2024-07-01,2024-07-22
CMP00762,ADV0083,Conversions,2024-07-25,2024-11-07
CMP00763,ADV0083,App Installs,2024-11-24,2025-01-15
CMP00764,ADV0083,App Installs,2025-01-17,2025-06-29
CMP00765,ADV0083,Traffic,2025-07-10,2025-08-24
CMP00766,ADV0083,Conversions,2024-07-01,2024-09-17
CMP00767,ADV0083,Reach,2024-09-29,2024-11-29
CMP00768,ADV0083,Traffic,2024-12-08,2025-03-29
CMP00769,ADV0083,App Installs,2025-04-03,2025-08-07
CMP00770,ADV0084,Conversions,2024-07-01,2024-08-22
CMP00771,ADV0084,Conversions,2024-09-03,2024-10-23
CMP00772,ADV0084,Traffic,2024-07-01,2024-09-06
CMP00773,ADV0084,Conversions,2024-09-14,2024-10-23
CMP00774,ADV0085,Reach,2024-07-09,2024-10-29
CMP00775,ADV0085,Conversions,2024-07-14,2024-10-28
CMP00776,ADV0086,Conversions,2024-07-01,2024-08-14
CMP00777,ADV0086,Conversions,2024-08-26,2024-12-01
CMP00778,ADV0086,Conversions,2024-12-03,2025-03-24
CMP00779,ADV0086,App Installs,2025-04-03,2025-06-05
CMP00780,ADV0086,Conversions,2025-06-21,2025-10-26
CMP00781,ADV0086,App Installs,2025-11-04,2025-12-31
CMP00782,ADV0087,Video Views,2024-07-01,2024-07-21
CMP00783,ADV0087,App Installs,2024-08-05,2024-10-09
CMP00784,ADV0087,Traffic,2024-07-01,2024-08-24
CMP00785,ADV0087,Conversions,2024-09-05,2024-10-09
CMP00786,ADV0088,Reach,2024-07-01,2024-08-11
CMP00787,ADV0088,Traffic,2024-08-24,2025-01-27
CMP00788,ADV0088,App Installs,2025-02-01,2025-04-27
CMP00789,ADV0088,Video Views,2025-05-04,2025-06-25
CMP00790,ADV0088,Traffic,2025-06-27,2025-11-23
CMP00791,ADV0088,Conversions,2025-12-03,2025-12-31
CMP00792,ADV0088,Traffic,2024-07-01,2024-07-14
CMP00793,ADV0088,Conversions,2024-07-23,2024-10-14
CMP00794,ADV0088,Conversions,2024-10-27,2025-02-23
CMP00795,ADV0088,Traffic,2025-03-12,2025-06-23
CMP00796,ADV0088,Traffic,2025-07-07,2025-10-23
CMP00797,ADV0088,App Installs,2025-11-09,2025-12-31
CMP00798,ADV0089,Conversions,2024-07-01,2024-07-10
CMP00799,ADV0089,Conversions,2024-07-20,2024-12-05
CMP00800,ADV0089,Video Views,2024-12-18,2025-05-21
CMP00801,ADV0089,Conversions,2025-06-05,2025-07-29
CMP00802,ADV0089,Conversions,2024-07-01,2024-08-02
CMP00803,ADV0089,Conversions,2024-08-14,2024-12-25
CMP00804,ADV0089,Traffic,2025-01-02,2025-04-14
CMP00805,ADV0089,Reach,2025-04-17,2025-06-12
CMP00806,ADV0089,Conversions,2025-06-29,2025-07-29
CMP00807,ADV0090,Reach,2024-07-01,2024-07-10
CMP00808,ADV0090,Video Views,2024-07-22,2024-11-22
CMP00809,ADV0090,App Installs,2024-07-01,2024-10-11
CMP00810,ADV0090,Video Views,2024-10-22,2024-11-28
CMP00811,ADV0090,Conversions,2024-07-01,2024-08-28
CMP00812,ADV0090,Conversions,2024-08-29,2024-11-28
CMP00813,ADV0091,Traffic,2024-07-01,2024-10-22
CMP00814,ADV0091,Conversions,2024-11-01,2025-02-03
CMP00815,ADV0091,Reach,2025-02-03,2025-06-10
CMP00816,ADV0091,Conversions,2025-06-26,2025-09-19
CMP00817,ADV0091,Traffic,2025-10-02,2025-12-31
CMP00818,ADV0091,Conversions,2024-07-12,2024-10-19
CMP00819,ADV0091,Conversions,2024-10-27,2025-03-14
CMP00820,ADV0091,Conversions,2025-03-30,2025-07-27
CMP00821,ADV0091,App Installs,2025-08-03,2025-10-24
CMP00822,ADV0091,Conversions,2025-10-26,2025-12-31
CMP00823,ADV0091,App Installs,2024-07-01,2024-07-08
CMP00824,ADV0091,Video Views,2024-07-13,2024-11-15
CMP00825,ADV0091,Video Views,2024-12-02,2025-03-10
CMP00826,ADV0091,App Installs,2025-03-19,2025-08-27
CMP00827,ADV0091,Traffic,2025-09-10,2025-12-31
CMP00828,ADV0091,Video Views,2024-07-01,2024-08-04
CMP00829,ADV0091,Traffic,2024-08-14,2024-12-23
CMP00830,ADV0091,Reach,2024-12-24,2025-04-02
CMP00831,ADV0091,App Installs,2025-04-04,2025-07-31
CMP00832,ADV0091,Conversions,2025-08-05,2025-10-02
CMP00833,ADV0091,Traffic,2025-10-07,2025-12-08
CMP00834,ADV0091,Conversions,2025-12-19,2025-12-31
CMP00835,ADV0091,Traffic,2024-07-01,2024-09-13
CMP00836,ADV0091,Conversions,2024-09-25,2025-03-04
CMP00837,ADV0091,App Installs,2025-03-07,2025-07-08
CMP00838,ADV0091,Traffic,2025-07-19,2025-11-23
CMP00839,ADV0091,Conversions,2025-12-03,2025-12-31
CMP00840,ADV0092,Conversions,2024-07-01,2024-08-02
CMP00841,ADV0092,Video Views,2024-08-06,2024-12-06
CMP00842,ADV0092,Reach,2024-12-10,2025-03-09
CMP00843,ADV0092,Conversions,2025-03-22,2025-07-21
CMP00844,ADV0092,Video Views,2025-08-06,2025-12-31
CMP00845,ADV0092,Conversions,2024-07-01,2024-09-14
CMP00846,ADV0092,Video Views,2024-09-28,2025-03-11
CMP00847,ADV0092,Video Views,2025-03-27,2025-05-29
CMP00848,ADV0092,App Installs,2025-06-13,2025-11-02
CMP00849,ADV0092,Conversions,2025-11-08,2025-12-31
CMP00850,ADV0093,Conversions,2024-07-01,2024-08-01
CMP00851,ADV0093,Video Views,2024-08-16,2024-12-02
CMP00852,ADV0093,Conversions,2024-12-16,2025-03-23
CMP00853,ADV0093,App Installs,2025-04-08,2025-09-11
CMP00854,ADV0093,Video Views,2025-09-22,2025-12-31
CMP00855,ADV0093,Traffic,2024-07-01,2024-07-22
CMP00856,ADV0093,Conversions,2024-08-01,2025-01-08
CMP00857,ADV0093,Traffic,2025-01-16,2025-04-04
CMP00858,ADV0093,Video Views,2025-04-14,2025-08-03
CMP00859,ADV0093,Conversions,2025-08-05,2025-12-02
CMP00860,ADV0093,Traffic,2025-12-06,2025-12-31
CMP00861,ADV0094,Conversions,2024-07-07,2024-08-25
CMP00862,ADV0094,Conversions,2024-07-01,2024-08-28
CMP00863,ADV0095,Traffic,2024-07-01,2024-09-14
CMP00864,ADV0095,Traffic,2024-09-27,2025-01-31
CMP00865,ADV0095,App Installs,2025-02-03,2025-06-20
CMP00866,ADV0095,Conversions,2025-07-03,2025-09-29
CMP00867,ADV0095,Conversions,2025-10-14,2025-12-28
CMP00868,ADV0095,Traffic,2024-07-01,2024-10-16
CMP00869,ADV0095,Traffic,2024-10-28,2025-04-10
CMP00870,ADV0095,Reach,2025-04-27,2025-09-11
CMP00871,ADV0095,Video Views,2025-09-16,2025-11-03
CMP00872,ADV0095,Conversions,2025-11-18,2025-12-31
CMP00873,ADV0096,Video Views,2024-07-20,2024-12-22
CMP00874,ADV0096,Video Views,2025-01-01,2025-04-20
CMP00875,ADV0096,Traffic,2025-05-01,2025-08-21
CMP00876,ADV0096,Conversions,2025-08-21,2025-09-11
CMP00877,ADV0097,App Installs,2024-07-01,2024-11-02
CMP00878,ADV0097,Conversions,2024-11-04,2025-02-26
CMP00879,ADV0097,Conversions,2024-07-01,2024-09-01
CMP00880,ADV0097,Video Views,2024-09-06,2024-11-24
CMP00881,ADV0097,Traffic,2024-11-27,2025-01-18
CMP00882,ADV0097,Traffic,2025-01-29,2025-02-26
CMP00883,ADV0098,App Installs,2024-07-01,2024-08-24
CMP00884,ADV0098,Video Views,2024-08-30,2024-09-29
CMP00885,ADV0098,Conversions,2024-07-01,2024-07-26
CMP00886,ADV0098,Conversions,2024-08-03,2024-09-29
CMP00887,ADV0099,Video Views,2024-07-01,2024-11-03
CMP00888,ADV0099,App Installs,2024-11-14,2025-02-21
CMP00889,ADV0099,Traffic,2025-02-27,2025-06-27
CMP00890,ADV0099,Video Views,2025-07-09,2025-11-27
CMP00891,ADV0099,App Installs,2025-12-06,2025-12-31
CMP00892,ADV0099,Conversions,2024-07-01,2024-08-27
CMP00893,ADV0099,Video Views,2024-09-11,2024-12-06
CMP00894,ADV0099,App Installs,2024-12-15,2025-03-27
CMP00895,ADV0099,Traffic,2025-04-09,2025-07-10
CMP00896,ADV0099,Video Views,2025-07-26,2025-10-27
CMP00897,ADV0099,Conversions,2025-11-02,2025-12-31
CMP00898,ADV0100,Conversions,2024-07-01,2024-07-24
CMP00899,ADV0100,Reach,2024-08-04,2024-12-18
CMP00900,ADV0100,Reach,2024-12-29,2025-06-05
CMP00901,ADV0100,Conversions,2025-06-08,2025-08-01
CMP00902,ADV0100,App Installs,2025-08-10,2025-08-17
CMP00903,ADV0101,Conversions,2024-07-01,2024-07-23
CMP00904,ADV0101,Conversions,2024-08-08,2024-10-31
CMP00905,ADV0101,Traffic,2024-11-14,2025-01-14
CMP00906,ADV0101,Conversions,2025-01-22,2025-06-07
CMP00907,ADV0101,Video Views,2025-06-16,2025-10-15
CMP00908,ADV0101,Conversions,2025-10-30,2025-11-23
CMP00909,ADV0101,App Installs,2024-07-01,2024-09-23
CMP00910,ADV0101,Traffic,2024-09-24,2025-01-24
CMP00911,ADV0101,Conversions,2025-02-03,2025-05-18
CMP00912,ADV0101,Video Views,2025-05-23,2025-09-02
CMP00913,ADV0101,Conversions,2025-09-06,2025-10-29
CMP00914,ADV0101,Video Views,2025-11-15,2025-11-23
CMP00915,ADV0102,Video Views,2024-07-01,2024-08-30
CMP00916,ADV0103,Conversions,2024-07-01,2024-07-31
CMP00917,ADV0103,Conversions,2024-08-01,2024-12-01
CMP00918,ADV0103,App Installs,2024-12-14,2025-03-26
CMP00919,ADV0103,Traffic,2025-04-04,2025-06-12
CMP00920,ADV0104,Conversions,2024-07-01,2024-07-21
CMP00921,ADV0104,App Installs,2024-08-06,2024-12-04
CMP00922,ADV0104,Video Views,2024-12-07,2025-04-06
CMP00923,ADV0104,App Installs,2025-04-19,2025-07-02
CMP00924,ADV0104,Video Views,2024-07-01,2024-09-28
CMP00925,ADV0104,Conversions,2024-09-30,2025-02-26
CMP00926,ADV0104,App Installs,2025-03-03,2025-06-20
CMP00927,ADV0104,App Installs,2025-06-24,2025-07-13
CMP00928,ADV0105,Conversions,2024-07-01,2024-08-31
CMP00929,ADV0105,Video Views,2024-09-12,2025-01-02
CMP00930,ADV0105,Conversions,2025-01-03,2025-06-08
CMP00931,ADV0105,Traffic,2025-06-11,2025-09-30
CMP00932,ADV0105,App Installs,2025-10-16,2025-12-05
CMP00933,ADV0106,Traffic,2024-07-01,2024-09-09
CMP00934,ADV0106,Conversions,2024-09-10,2025-01-25
CMP00935,ADV0106,Conversions,2025-01-31,2025-05-04
CMP00936,ADV0106,Video Views,2025-05-12,2025-07-11
CMP00937,ADV0106,Conversions,2025-07-24,2025-09-21
CMP00938,ADV0106,Conversions,2025-10-03,2025-12-31
CMP00939,ADV0106,Conversions,2024-07-01,2024-08-29
CMP00940,ADV0106,Traffic,2024-09-13,2024-11-10
CMP00941,ADV0106,Traffic,2024-11-14,2025-02-01
CMP00942,ADV0106,Conversions,2025-02-13,2025-07-07
CMP00943,ADV0106,Traffic,2025-07-11,2025-11-30
CMP00944,ADV0106,Video Views,2025-12-11,2025-12-31
CMP00945,ADV0107,Traffic,2024-07-01,2024-07-10
CMP00946,ADV0107,Conversions,2024-07-15,2024-09-17
CMP00947,ADV0107,Conversions,2024-09-22,2024-12-21
CMP00948,ADV0107,Video Views,2025-01-07,2025-05-01
CMP00949,ADV0107,Traffic,2025-05-13,2025-08-09
CMP00950,ADV0107,Video Views,2025-08-22,2025-10-15
CMP00951,ADV0107,Conversions,2025-10-18,2025-12-02
CMP00952,ADV0107,Conversions,2025-12-09,2025-12-31
CMP00953,ADV0107,App Installs,2024-07-10,2024-10-01
CMP00954,ADV0107,App Installs,2024-10-14,2025-01-27
CMP00955,ADV0107,Traffic,2025-02-03,2025-06-21
CMP00956,ADV0107,Conversions,2025-06-25,2025-10-05
CMP00957,ADV0107,App Installs,2025-10-18,2025-12-09
CMP00958,ADV0107,Conversions,2025-12-16,2025-12-31
CMP00959,ADV0108,App Installs,2024-07-01,2024-08-01
CMP00960,ADV0108,Video Views,2024-08-09,2024-11-03
CMP00961,ADV0108,Conversions,2024-11-10,2024-12-28
CMP00962,ADV0109,Conversions,2024-07-16,2024-09-05
CMP00963,ADV0109,Traffic,2024-09-12,2024-12-08
CMP00964,ADV0109,Traffic,2024-07-01,2024-09-17
CMP00965,ADV0109,App Installs,2024-09-24,2024-12-07
CMP00966,ADV0109,App Installs,2024-12-21,2024-12-28
CMP00967,ADV0110,App Installs,2024-07-01,2024-09-27
CMP00968,ADV0110,App Installs,2024-10-01,2024-12-13
CMP00969,ADV0110,Reach,2024-12-16,2025-03-21
CMP00970,ADV0110,App Installs,2025-03-24,2025-09-01
CMP00971,ADV0110,Reach,2025-09-11,2025-10-26
CMP00972,ADV0110,App Installs,2025-10-30,2025-12-31
CMP00973,ADV0110,Conversions,2024-07-05,2024-11-10
CMP00974,ADV0110,Video Views,2024-11-14,2025-03-08
CMP00975,ADV0110,Conversions,2025-03-25,2025-08-13
CMP00976,ADV0110,Conversions,2025-08-22,2025-12-31
CMP00977,ADV0111,Conversions,2024-07-11,2024-10-11
CMP00978,ADV0111,App Installs,2024-10-11,2025-01-06
CMP00979,ADV0111,Conversions,2025-01-22,2025-06-25
CMP00980,ADV0111,Reach,2025-07-05,2025-08-20
CMP00981,ADV0111,Traffic,2025-09-03,2025-12-04
CMP00982,ADV0111,App Installs,2025-12-12,2025-12-31
CMP00983,ADV0111,App Installs,2024-07-01,2024-09-05
CMP00984,ADV0111,Conversions,2024-09-20,2024-11-13
CMP00985,ADV0111,Video Views,2024-11-15,2025-01-29
CMP00986,ADV0111,Reach,2025-02-05,2025-05-09
CMP00987,ADV0111,Video Views,2025-05-23,2025-08-24
CMP00988,ADV0111,Conversions,2025-09-02,2025-12-02
CMP00989,ADV0111,Reach,2025-12-13,2025-12-31
CMP00990,ADV0111,App Installs,2024-07-10,2024-09-19
CMP00991,ADV0111,Video Views,2024-09-20,2025-01-19
CMP00992,ADV0111,Reach,2025-01-29,2025-03-22
CMP00993,ADV0111,Traffic,2025-03-30,2025-06-12
CMP00994,ADV0111,Traffic,2025-06-29,2025-12-02
CMP00995,ADV0111,Conversions,2025-12-10,2025-12-31
CMP00996,ADV0112,Traffic,2024-07-01,2024-08-06
CMP00997,ADV0112,Reach,2024-08-06,2024-12-23
CMP00998,ADV0112,App Installs,2024-12-24,2025-03-02
CMP00999,ADV0112,App Installs,2025-03-03,2025-06-06
CMP01000,ADV0112,Conversions,2025-06-12,2025-08-30
CMP01001,ADV0112,App Installs,2024-07-02,2024-10-11
CMP01002,ADV0112,Traffic,2024-10-22,2025-04-02
CMP01003,ADV0112,Traffic,2025-04-15,2025-06-12
CMP01004,ADV0112,Conversions,2025-06-24,2025-08-30
CMP01005,ADV0113,Conversions,2024-07-01,2024-10-18
CMP01006,ADV0113,App Installs,2024-11-03,2025-01-31
CMP01007,ADV0113,Traffic,2025-02-17,2025-04-24
CMP01008,ADV0113,Traffic,2025-04-28,2025-06-17
CMP01009,ADV0113,Conversions,2025-06-18,2025-09-23
CMP01010,ADV0113,Conversions,2025-09-28,2025-12-31
CMP01011,ADV0113,Video Views,2024-07-01,2024-09-05
CMP01012,ADV0113,Conversions,2024-09-12,2025-01-08
CMP01013,ADV0113,Video Views,2025-01-10,2025-04-11
CMP01014,ADV0113,Conversions,2025-04-28,2025-06-23
CMP01015,ADV0113,Conversions,2025-07-04,2025-12-03
CMP01016,ADV0113,Conversions,2025-12-18,2025-12-31
CMP01017,ADV0113,Conversions,2024-07-01,2024-09-20
CMP01018,ADV0113,Conversions,2024-09-23,2025-02-17
CMP01019,ADV0113,Conversions,2025-03-02,2025-07-11
CMP01020,ADV0113,Conversions,2025-07-23,2025-12-05
CMP01021,ADV0113,Conversions,2025-12-17,2025-12-31
CMP01022,ADV0114,App Installs,2024-07-01,2024-07-27
CMP01023,ADV0114,App Installs,2024-08-10,2024-11-01
CMP01024,ADV0114,Reach,2024-11-08,2025-01-20
CMP01025,ADV0114,Traffic,2025-02-06,2025-06-28
CMP01026,ADV0114,Conversions,2025-07-02,2025-09-27
CMP01027,ADV0114,Traffic,2025-10-03,2025-12-23
CMP01028,ADV0115,Conversions,2024-07-01,2024-07-17
CMP01029,ADV0115,Conversions,2024-07-21,2024-10-04
CMP01030,ADV0115,Conversions,2024-10-14,2024-12-31
CMP01031,ADV0115,App Installs,2025-01-17,2025-04-01
CMP01032,ADV0115,Video Views,2025-04-10,2025-08-24
CMP01033,ADV0115,App Installs,2025-08-28,2025-11-03
CMP01034,ADV0115,Conversions,2025-11-06,2025-12-31
CMP01035,ADV0115,Video Views,2024-07-01,2024-10-20
CMP01036,ADV0115,Video Views,2024-10-28,2024-12-13
CMP01037,ADV0115,Conversions,2024-12-26,2025-04-19
CMP01038,ADV0115,Video Views,2025-05-06,2025-09-28
CMP01039,ADV0115,App Installs,2025-09-30,2025-12-31
CMP01040,ADV0115,Traffic,2024-07-01,2024-09-06
CMP01041,ADV0115,Conversions,2024-09-12,2025-02-14
CMP01042,ADV0115,Conversions,2025-02-17,2025-07-18
CMP01043,ADV0115,App Installs,2025-07-21,2025-10-23
CMP01044,ADV0115,App Installs,2025-10-30,2025-12-31
CMP01045,ADV0115,Video Views,2024-07-01,2024-09-06
CMP01046,ADV0115,Conversions,2024-09-15,2024-11-06
CMP01047,ADV0115,Conversions,2024-11-08,2025-03-11
CMP01048,ADV0115,App Installs,2025-03-17,2025-06-02
CMP01049,ADV0115,App Installs,2025-06-09,2025-11-19
CMP01050,ADV0115,Traffic,2025-12-02,2025-12-31
CMP01051,ADV0116,Conversions,2024-07-01,2024-07-17
CMP01052,ADV0116,Traffic,2024-07-19,2024-09-07
CMP01053,ADV0116,Reach,2024-09-07,2025-02-06
CMP01054,ADV0116,Traffic,2025-02-23,2025-06-10
CMP01055,ADV0116,Traffic,2025-06-27,2025-08-25
CMP01056,ADV0117,Conversions,2024-07-01,2024-07-26
CMP01057,ADV0117,Video Views,2024-07-29,2024-12-21
CMP01058,ADV0117,Conversions,2025-01-01,2025-04-11
CMP01059,ADV0117,Video Views,2025-04-23,2025-06-05
CMP01060,ADV0117,Conversions,2024-07-01,2024-08-22
CMP01061,ADV0117,Traffic,2024-09-01,2025-02-05
CMP01062,ADV0117,Traffic,2025-02-06,2025-06-05
CMP01063,ADV0118,App Installs,2024-07-01,2024-08-17
CMP01064,ADV0118,Conversions,2024-08-25,2024-12-25
CMP01065,ADV0118,Conversions,2025-01-05,2025-05-01
CMP01066,ADV0118,Traffic,2025-05-10,2025-10-18
CMP01067,ADV0118,App Installs,2024-07-01,2024-07-12
CMP01068,ADV0118,Conversions,2024-07-22,2024-09-10
CMP01069,ADV0118,Traffic,2024-09-27,2024-11-22
CMP01070,ADV0118,Conversions,2024-11-30,2025-02-23
CMP01071,ADV0118,Conversions,2025-03-02,2025-05-24
CMP01072,ADV0118,Video Views,2025-05-26,2025-09-18
CMP01073,ADV0118,Conversions,2025-09-23,2025-10-24
CMP01074,ADV0119,Conversions,2024-07-13,2024-09-16
CMP01075,ADV0119,Traffic,2024-09-21,2025-01-25
CMP01076,ADV0119,App Installs,2025-02-11,2025-06-26
CMP01077,ADV0120,Video Views,2024-07-01,2024-07-31
CMP01078,ADV0120,Conversions,2024-08-05,2024-10-18
CMP01079,ADV0120,App Installs,2024-11-04,2024-12-28
CMP01080,ADV0120,Traffic,2024-07-02,2024-08-30
CMP01081,ADV0120,Conversions,2024-09-08,2024-11-10
CMP01082,ADV0120,Conversions,2024-11-18,2024-12-28
CMP01083,ADV0121,Video Views,2024-07-01,2024-09-28
CMP01084,ADV0121,App Installs,2024-09-29,2024-12-26
CMP01085,ADV0121,Traffic,2025-01-05,2025-05-13
CMP01086,ADV0121,Traffic,2025-05-30,2025-08-10
CMP01087,ADV0121,Conversions,2025-08-11,2025-10-24
CMP01088,ADV0121,Video Views,2024-07-01,2024-09-11
CMP01089,ADV0121,Conversions,2024-09-25,2025-03-05
CMP01090,ADV0121,Video Views,2025-03-06,2025-04-22
CMP01091,ADV0121,Reach,2025-05-09,2025-08-09
CMP01092,ADV0121,Traffic,2025-08-12,2025-10-24
CMP01093,ADV0121,App Installs,2024-07-01,2024-07-24
CMP01094,ADV0121,Conversions,2024-07-24,2024-12-29
CMP01095,ADV0121,Video Views,2025-01-08,2025-05-27
CMP01096,ADV0121,Conversions,2025-06-11,2025-09-13
CMP01097,ADV0121,App Installs,2025-09-13,2025-10-24
CMP01098,ADV0122,App Installs,2024-07-01,2024-07-21
CMP01099,ADV0122,Video Views,2024-07-25,2024-08-30
CMP01100,ADV0122,Traffic,2024-07-08,2024-08-30
CMP01101,ADV0123,Conversions,2024-07-01,2024-09-03
CMP01102,ADV0123,Traffic,2024-09-16,2024-12-20
CMP01103,ADV0123,App Installs,2025-01-04,2025-03-29
CMP01104,ADV0123,Video Views,2025-04-02,2025-06-26
CMP01105,ADV0124,Traffic,2024-07-01,2024-10-10
CMP01106,ADV0124,Conversions,2024-10-22,2025-02-12
CMP01107,ADV0124,Video Views,2025-02-23,2025-03-28
CMP01108,ADV0124,Reach,2024-07-01,2024-10-06
CMP01109,ADV0124,Reach,2024-10-20,2025-01-29
CMP01110,ADV0124,Video Views,2025-02-09,2025-03-28
CMP01111,ADV0125,Conversions,2024-07-01,2024-07-19
CMP01112,ADV0125,Conversions,2024-08-01,2024-11-02
CMP01113,ADV0125,Conversions,2024-11-11,2025-02-07
CMP01114,ADV0125,Conversions,2025-02-15,2025-04-01
CMP01115,ADV0125,Conversions,2025-04-16,2025-07-19
CMP01116,ADV0125,Video Views,2025-07-20,2025-09-20
CMP01117,ADV0125,Conversions,2024-07-01,2024-08-12
CMP01118,ADV0125,Video Views,2024-08-21,2025-01-27
CMP01119,ADV0125,App Installs,2025-02-10,2025-06-20
CMP01120,ADV0125,Video Views,2025-06-28,2025-09-20
CMP01121,ADV0126,Reach,2024-07-01,2024-07-19
CMP01122,ADV0126,Reach,2024-07-01,2024-07-31
CMP01123,ADV0127,Video Views,2024-07-01,2024-10-07
CMP01124,ADV0127,Conversions,2024-10-15,2024-12-07
CMP01125,ADV0127,Video Views,2024-12-15,2025-02-13
CMP01126,ADV0127,Conversions,2025-02-15,2025-05-16
CMP01127,ADV0127,App Installs,2024-07-01,2024-09-06
CMP01128,ADV0127,App Installs,2024-09-20,2024-12-26
CMP01129,ADV0127,Video Views,2024-12-26,2025-03-01
CMP01130,ADV0127,Video Views,2025-03-12,2025-05-16
CMP01131,ADV0128,Video Views,2024-07-01,2024-09-24
CMP01132,ADV0128,Traffic,2024-10-09,2025-02-12
CMP01133,ADV0128,Traffic,2025-02-19,2025-04-07
CMP01134,ADV0128,Video Views,2025-04-08,2025-05-25
CMP01135,ADV0128,Traffic,2025-05-31,2025-09-22
CMP01136,ADV0128,Conversions,2025-09-27,2025-12-31
CMP01137,ADV0128,Video Views,2024-07-01,2024-08-27
CMP01138,ADV0128,Video Views,2024-09-04,2024-11-30
CMP01139,ADV0128,Traffic,2024-11-30,2025-05-05
CMP01140,ADV0128,App Installs,2025-05-14,2025-08-21
CMP01141,ADV0128,Conversions,2025-08-25,2025-10-19
CMP01142,ADV0128,Conversions,2025-10-20,2025-12-08
CMP01143,ADV0128,Conversions,2025-12-08,2025-12-31
CMP01144,ADV0129,Conversions,2024-07-01,2024-07-30
CMP01145,ADV0129,Traffic,2024-08-01,2024-09-18
CMP01146,ADV0129,Traffic,2024-09-29,2024-12-18
CMP01147,ADV0129,Traffic,2024-12-20,2025-04-27
CMP01148,ADV0129,Conversions,2025-05-07,2025-08-29
CMP01149,ADV0129,Video Views,2025-09-02,2025-10-20
CMP01150,ADV0129,Conversions,2025-11-03,2025-12-31
CMP01151,ADV0129,Traffic,2024-07-01,2024-08-18
CMP01152,ADV0129,Conversions,2024-09-04,2024-11-09
CMP01153,ADV0129,Conversions,2024-11-17,2025-04-23
CMP01154,ADV0129,Video Views,2025-05-02,2025-08-08
CMP01155,ADV0129,Traffic,2025-08-11,2025-10-19
CMP01156,ADV0129,Traffic,2025-11-04,2025-12-31
CMP01157,ADV0129,Conversions,2024-07-01,2024-09-14
CMP01158,ADV0129,Traffic,2024-09-16,2024-12-07
CMP01159,ADV0129,Traffic,2024-12-18,2025-04-19
CMP01160,ADV0129,Conversions,2025-05-05,2025-08-10
CMP01161,ADV0129,Reach,2025-08-14,2025-10-18
CMP01162,ADV0129,Conversions,2025-11-03,2025-12-31
CMP01163,ADV0130,Video Views,2024-07-20,2024-09-16
CMP01164,ADV0130,Reach,2024-09-23,2024-11-19
CMP01165,ADV0130,Conversions,2024-11-28,2025-02-19
CMP01166,ADV0130,Conversions,2025-02-25,2025-07-23
CMP01167,ADV0130,Reach,2025-07-26,2025-10-16
CMP01168,ADV0130,App Installs,2025-10-31,2025-12-31
CMP01169,ADV0130,Traffic,2024-07-10,2024-10-04
CMP01170,ADV0130,Conversions,2024-10-06,2025-02-13
CMP01171,ADV0130,Conversions,2025-03-01,2025-05-14
CMP01172,ADV0130,App Installs,2025-05-31,2025-08-06
CMP01173,ADV0130,App Installs,2025-08-20,2025-10-30
CMP01174,ADV0130,Traffic,2025-11-03,2025-12-18
CMP01175,ADV0130,Traffic,2025-12-23,2025-12-31
CMP01176,ADV0130,Traffic,2024-07-01,2024-07-18
CMP01177,ADV0130,Traffic,2024-07-25,2024-11-01
CMP01178,ADV0130,Conversions,2024-11-08,2025-03-30
CMP01179,ADV0130,Traffic,2025-04-14,2025-06-16
CMP01180,ADV0130,Traffic,2025-06-25,2025-11-12
CMP01181,ADV0130,Video Views,2025-11-20,2025-12-31
CMP01182,ADV0131,Traffic,2024-07-01,2024-07-12
CMP01183,ADV0131,Conversions,2024-07-27,2024-09-27
CMP01184,ADV0131,App Installs,2024-10-09,2025-01-10
CMP01185,ADV0131,App Installs,2025-01-25,2025-04-05
CMP01186,ADV0132,Traffic,2024-07-01,2024-08-02
CMP01187,ADV0132,Traffic,2024-08-11,2024-10-29
CMP01188,ADV0132,Video Views,2024-07-01,2024-09-18
CMP01189,ADV0132,Video Views,2024-09-30,2024-10-29
CMP01190,ADV0133,Traffic,2024-07-01,2024-08-15
CMP01191,ADV0133,Conversions,2024-08-24,2024-11-05
CMP01192,ADV0133,Conversions,2024-11-11,2025-04-12
CMP01193,ADV0133,Video Views,2025-04-14,2025-06-09
CMP01194,ADV0133,Conversions,2025-06-09,2025-11-19
CMP01195,ADV0133,Conversions,2025-12-04,2025-12-31
CMP01196,ADV0133,Conversions,2024-07-01,2024-09-11
CMP01197,ADV0133,Conversions,2024-09-13,2024-10-30
CMP01198,ADV0133,Reach,2024-11-08,2025-04-08
CMP01199,ADV0133,Traffic,2025-04-20,2025-07-01
CMP01200,ADV0133,Conversions,2025-07-04,2025-09-28
CMP01201,ADV0133,App Installs,2025-10-05,2025-12-07
CMP01202,ADV0133,Conversions,2025-12-21,2025-12-31
CMP01203,ADV0134,Video Views,2024-07-01,2024-10-15
CMP01204,ADV0134,Conversions,2024-10-19,2025-02-20
CMP01205,ADV0135,Traffic,2024-07-01,2024-07-09
CMP01206,ADV0135,Video Views,2024-07-13,2024-09-29
CMP01207,ADV0135,Reach,2024-07-01,2024-08-14
CMP01208,ADV0135,Conversions,2024-08-16,2024-09-29
CMP01209,ADV0135,Conversions,2024-07-01,2024-09-29
CMP01210,ADV0136,App Installs,2024-07-01,2024-07-31
CMP01211,ADV0136,Conversions,2024-08-08,2024-10-15
CMP01212,ADV0136,Video Views,2024-10-19,2025-01-17
CMP01213,ADV0136,App Installs,2025-01-18,2025-06-17
CMP01214,ADV0136,Conversions,2025-07-02,2025-09-23
CMP01215,ADV0137,App Installs,2024-07-01,2024-07-21
CMP01216,ADV0137,Conversions,2024-07-30,2024-11-15
CMP01217,ADV0137,App Installs,2024-11-30,2025-02-12
CMP01218,ADV0137,Traffic,2025-02-23,2025-06-26
CMP01219,ADV0138,Reach,2024-07-01,2024-08-16
CMP01220,ADV0138,Conversions,2024-08-18,2024-11-29
CMP01221,ADV0138,Conversions,2024-12-05,2025-03-17
CMP01222,ADV0138,Traffic,2025-03-19,2025-05-27
CMP01223,ADV0138,App Installs,2024-07-01,2024-07-20
CMP01224,ADV0138,Reach,2024-08-01,2024-10-30
CMP01225,ADV0138,Video Views,2024-11-01,2025-04-11
CMP01226,ADV0138,App Installs,2025-04-15,2025-05-27
CMP01227,ADV0139,Video Views,2024-07-10,2024-10-24
CMP01228,ADV0139,Conversions,2024-11-08,2025-04-09
CMP01229,ADV0139,Traffic,2025-04-26,2025-05-19
CMP01230,ADV0140,App Installs,2024-07-01,2024-07-08
CMP01231,ADV0140,Conversions,2024-07-08,2024-10-28
CMP01232,ADV0140,Conversions,2024-11-03,2025-01-05
CMP01233,ADV0140,Conversions,2025-01-11,2025-06-06
CMP01234,ADV0140,Conversions,2025-06-11,2025-11-01
CMP01235,ADV0140,Traffic,2024-07-01,2024-07-18
CMP01236,ADV0140,App Installs,2024-07-28,2024-10-06
CMP01237,ADV0140,Conversions,2024-10-23,2025-01-18
CMP01238,ADV0140,Conversions,2025-01-31,2025-06-29
CMP01239,ADV0140,App Installs,2025-07-13,2025-11-01
CMP01240,ADV0141,Reach,2024-07-01,2024-10-18
CMP01241,ADV0141,Conversions,2024-10-26,2025-02-19
CMP01242,ADV0141,Traffic,2025-02-19,2025-03-29
CMP01243,ADV0141,Conversions,2024-07-15,2024-10-02
CMP01244,ADV0141,Video Views,2024-10-10,2025-01-13
CMP01245,ADV0141,Conversions,2025-01-16,2025-03-29
CMP01246,ADV0141,Reach,2024-07-01,2024-07-24
CMP01247,ADV0141,Video Views,2024-08-02,2024-11-08
CMP01248,ADV0141,Conversions,2024-11-09,2025-02-08
CMP01249,ADV0141,Traffic,2025-02-14,2025-03-29
CMP01250,ADV0141,Traffic,2024-07-01,2024-11-06
CMP01251,ADV0141,Conversions,2024-11-19,2025-01-09
CMP01252,ADV0141,Video Views,2025-01-21,2025-03-29
CMP01253,ADV0142,App Installs,2024-07-01,2024-08-25
CMP01254,ADV0142,Reach,2024-09-09,2025-01-28
CMP01255,ADV0142,Video Views,2025-01-30,2025-07-13
CMP01256,ADV0142,App Installs,2025-07-15,2025-10-12
CMP01257,ADV0142,Traffic,2025-10-26,2025-11-28
CMP01258,ADV0143,Conversions,2024-07-01,2024-08-06
CMP01259,ADV0143,Video Views,2024-08-21,2024-10-19
CMP01260,ADV0143,App Installs,2024-10-29,2025-02-21
CMP01261,ADV0143,Traffic,2025-03-07,2025-06-27
CMP01262,ADV0143,Traffic,2024-07-01,2024-08-29
CMP01263,ADV0143,Conversions,2024-09-09,2024-12-07
CMP01264,ADV0143,Reach,2024-12-14,2025-04-29
CMP01265,ADV0143,Video Views,2025-05-07,2025-06-27
CMP01266,ADV0144,Video Views,2024-07-01,2024-10-06
CMP01267,ADV0144,App Installs,2024-10-23,2025-02-09
CMP01268,ADV0144,Conversions,2025-02-20,2025-07-09
CMP01269,ADV0144,Video Views,2025-07-09,2025-10-14
CMP01270,ADV0144,Video Views,2025-10-27,2025-12-31
CMP01271,ADV0144,Conversions,2024-07-01,2024-11-20
CMP01272,ADV0144,App Installs,2024-11-29,2025-01-26
CMP01273,ADV0144,App Installs,2025-02-02,2025-07-13
CMP01274,ADV0144,Conversions,2025-07-29,2025-12-23
CMP01275,ADV0144,Conversions,2025-12-23,2025-12-31
CMP01276,ADV0144,App Installs,2024-07-01,2024-09-26
CMP01277,ADV0144,Conversions,2024-10-12,2024-11-27
CMP01278,ADV0144,Traffic,2024-12-11,2025-05-08
CMP01279,ADV0144,Reach,2025-05-18,2025-07-18
CMP01280,ADV0144,Conversions,2025-07-29,2025-11-20
CMP01281,ADV0144,Traffic,2025-12-01,2025-12-31
CMP01282,ADV0144,App Installs,2024-07-01,2024-11-02
CMP01283,ADV0144,Reach,2024-11-08,2025-03-15
CMP01284,ADV0144,Traffic,2025-04-01,2025-07-11
CMP01285,ADV0144,Conversions,2025-07-12,2025-09-11
CMP01286,ADV0144,Conversions,2025-09-24,2025-11-15
CMP01287,ADV0144,Video Views,2025-11-24,2025-12-31
CMP01288,ADV0144,Traffic,2024-07-01,2024-07-15
CMP01289,ADV0144,App Installs,2024-07-17,2024-10-06
CMP01290,ADV0144,Traffic,2024-10-19,2025-03-02
CMP01291,ADV0144,Traffic,2025-03-14,2025-06-10
CMP01292,ADV0144,Conversions,2025-06-25,2025-10-16
CMP01293,ADV0144,Video Views,2025-10-23,2025-12-12
CMP01294,ADV0144,Video Views,2025-12-19,2025-12-31
CMP01295,ADV0145,Conversions,2024-07-01,2024-09-10
CMP01296,ADV0145,Conversions,2024-09-10,2024-12-06
CMP01297,ADV0145,App Installs,2024-12-19,2025-04-13
CMP01298,ADV0145,Reach,2025-04-28,2025-07-18
CMP01299,ADV0145,Traffic,2025-07-24,2025-11-16
CMP01300,ADV0145,Conversions,2025-11-22,2025-12-31
CMP01301,ADV0145,Video Views,2024-07-01,2024-09-07
CMP01302,ADV0145,Reach,2024-09-19,2025-02-11
CMP01303,ADV0145,Conversions,2025-02-18,2025-04-20
CMP01304,ADV0145,Conversions,2025-04-28,2025-07-14
CMP01305,ADV0145,Video Views,2025-07-24,2025-09-17
CMP01306,ADV0145,Video Views,2025-09-20,2025-12-31
CMP01307,ADV0146,Conversions,2024-07-04,2024-12-01
CMP01308,ADV0146,Traffic,2024-12-04,2025-01-31
CMP01309,ADV0146,App Installs,2025-02-08,2025-04-27
CMP01310,ADV0146,App Installs,2024-07-01,2024-10-26
CMP01311,ADV0146,Video Views,2024-11-01,2025-03-17
CMP01312,ADV0146,Video Views,2025-03-24,2025-04-27
CMP01313,ADV0146,App Installs,2024-07-01,2024-11-17
CMP01314,ADV0146,Video Views,2024-11-24,2025-04-27
CMP01315,ADV0146,Reach,2024-07-01,2024-08-30
CMP01316,ADV0146,Reach,2024-08-31,2024-11-24
CMP01317,ADV0146,App Installs,2024-11-29,2025-04-27
CMP01318,ADV0146,Conversions,2024-07-01,2024-09-19
CMP01319,ADV0146,Traffic,2024-10-06,2025-02-17
CMP01320,ADV0146,Traffic,2025-03-04,2025-04-27
CMP01321,ADV0147,Traffic,2024-07-01,2024-08-30
CMP01322,ADV0148,Conversions,2024-07-01,2024-08-12
CMP01323,ADV0148,Traffic,2024-08-15,2024-10-16
CMP01324,ADV0148,Conversions,2024-10-16,2025-01-03
CMP01325,ADV0148,Traffic,2025-01-10,2025-06-03
CMP01326,ADV0148,Traffic,2025-06-04,2025-11-15
CMP01327,ADV0148,Conversions,2025-11-16,2025-12-31
CMP01328,ADV0148,App Installs,2024-07-01,2024-07-19
CMP01329,ADV0148,Conversions,2024-07-31,2024-09-18
CMP01330,ADV0148,Conversions,2024-09-27,2025-02-05
CMP01331,ADV0148,Conversions,2025-02-08,2025-06-01
CMP01332,ADV0148,Reach,2025-06-14,2025-07-31
CMP01333,ADV0148,Conversions,2025-08-01,2025-12-31
CMP01334,ADV0148,Reach,2024-07-01,2024-11-15
CMP01335,ADV0148,App Installs,2024-11-22,2025-01-26
CMP01336,ADV0148,Video Views,2025-02-12,2025-07-11
CMP01337,ADV0148,App Installs,2025-07-13,2025-10-21
CMP01338,ADV0148,Conversions,2025-10-30,2025-12-31
CMP01339,ADV0149,App Installs,2024-07-10,2024-10-13
CMP01340,ADV0149,Reach,2024-10-20,2024-12-13
CMP01341,ADV0149,Conversions,2024-12-15,2025-01-24
CMP01342,ADV0149,Video Views,2024-07-01,2024-11-24
CMP01343,ADV0149,Video Views,2024-11-28,2025-01-24
CMP01344,ADV0150,Video Views,2024-07-01,2024-08-24
CMP01345,ADV0150,Traffic,2024-09-01,2024-11-08
CMP01346,ADV0150,Conversions,2024-11-16,2025-02-18
CMP01347,ADV0150,Traffic,2024-07-01,2024-07-25
CMP01348,ADV0150,Video Views,2024-08-01,2024-10-28
CMP01349,ADV0150,Conversions,2024-11-11,2025-01-09
CMP01350,ADV0150,Conversions,2025-01-17,2025-02-18
CMP01351,ADV0150,Video Views,2024-07-01,2024-08-23
CMP01352,ADV0150,Conversions,2024-08-25,2024-11-27
CMP01353,ADV0150,Conversions,2024-11-29,2025-01-17
CMP01354,ADV0150,Traffic,2025-02-02,2025-02-18
CMP01355,ADV0151,Conversions,2024-07-01,2024-08-14
CMP01356,ADV0151,Traffic,2024-08-16,2024-11-29
CMP01357,ADV0151,Conversions,2024-11-30,2025-02-03
CMP01358,ADV0151,Traffic,2025-02-06,2025-03-30
CMP01359,ADV0151,Traffic,2024-07-01,2024-10-15
CMP01360,ADV0151,App Installs,2024-10-21,2025-01-19
CMP01361,ADV0151,Traffic,2025-02-01,2025-03-30
CMP01362,ADV0151,Traffic,2024-07-01,2024-08-20
CMP01363,ADV0151,Video Views,2024-08-23,2024-12-12
CMP01364,ADV0151,Reach,2024-12-21,2025-03-15
CMP01365,ADV0151,Conversions,2025-03-22,2025-03-30
CMP01366,ADV0152,Traffic,2024-07-01,2024-09-28
CMP01367,ADV0152,App Installs,2024-10-01,2024-11-30
CMP01368,ADV0152,Conversions,2024-12-10,2025-04-11
CMP01369,ADV0152,App Installs,2025-04-13,2025-07-15
CMP01370,ADV0152,App Installs,2025-07-17,2025-09-04
CMP01371,ADV0152,Traffic,2024-07-01,2024-08-19
CMP01372,ADV0152,Video Views,2024-08-21,2024-12-17
CMP01373,ADV0152,App Installs,2024-12-17,2025-03-01
CMP01374,ADV0152,Video Views,2025-03-09,2025-04-30
CMP01375,ADV0152,App Installs,2025-05-04,2025-06-26
CMP01376,ADV0152,Conversions,2025-07-06,2025-09-04
CMP01377,ADV0153,Traffic,2024-07-01,2024-09-17
CMP01378,ADV0153,Traffic,2024-10-03,2025-01-23
CMP01379,ADV0153,App Installs,2025-01-26,2025-07-01
CMP01380,ADV0153,Conversions,2025-07-09,2025-09-20
CMP01381,ADV0153,Video Views,2025-10-03,2025-12-31
CMP01382,ADV0153,Conversions,2024-07-01,2024-07-10
CMP01383,ADV0153,Conversions,2024-07-27,2024-11-08
CMP01384,ADV0153,Conversions,2024-11-19,2025-02-08
CMP01385,ADV0153,Video Views,2025-02-16,2025-06-10
CMP01386,ADV0153,Traffic,2025-06-26,2025-11-21
CMP01387,ADV0153,Traffic,2025-12-02,2025-12-31
CMP01388,ADV0153,Conversions,2024-07-01,2024-07-26
CMP01389,ADV0153,App Installs,2024-07-28,2025-01-04
CMP01390,ADV0153,Video Views,2025-01-11,2025-03-06
CMP01391,ADV0153,Traffic,2025-03-14,2025-06-13
CMP01392,ADV0153,Conversions,2025-06-22,2025-12-03
CMP01393,ADV0153,Traffic,2025-12-04,2025-12-31
CMP01394,ADV0153,Conversions,2024-07-01,2024-07-11
CMP01395,ADV0153,Conversions,2024-07-13,2024-10-14
CMP01396,ADV0153,Traffic,2024-10-22,2025-01-20
CMP01397,ADV0153,Conversions,2025-01-30,2025-04-02
CMP01398,ADV0153,Traffic,2025-04-09,2025-08-21
CMP01399,ADV0153,Conversions,2025-08-30,2025-11-28
CMP01400,ADV0153,Conversions,2025-11-29,2025-12-31
CMP01401,ADV0154,App Installs,2024-07-01,2024-08-28
CMP01402,ADV0154,Traffic,2024-09-10,2024-11-16
CMP01403,ADV0154,Conversions,2024-11-21,2025-01-19
CMP01404,ADV0154,Conversions,2025-01-29,2025-04-27
CMP01405,ADV0154,Conversions,2025-05-05,2025-08-13
CMP01406,ADV0154,Conversions,2025-08-30,2025-10-29
CMP01407,ADV0154,Video Views,2025-11-01,2025-12-31
CMP01408,ADV0154,Conversions,2024-07-01,2024-08-15
CMP01409,ADV0154,Conversions,2024-08-31,2025-02-03
CMP01410,ADV0154,Reach,2025-02-12,2025-06-25
CMP01411,ADV0154,Traffic,2025-06-28,2025-11-03
CMP01412,ADV0154,Reach,2025-11-04,2025-12-31
CMP01413,ADV0155,Traffic,2024-07-01,2024-10-19
CMP01414,ADV0156,Traffic,2024-07-01,2024-08-08
CMP01415,ADV0156,Traffic,2024-08-08,2024-11-01
CMP01416,ADV0156,Conversions,2024-11-01,2025-02-17
CMP01417,ADV0156,App Installs,2025-03-01,2025-05-20
CMP01418,ADV0156,Video Views,2025-05-21,2025-08-23
CMP01419,ADV0156,Conversions,2025-09-09,2025-11-25
CMP01420,ADV0156,Reach,2025-12-06,2025-12-31
CMP01421,ADV0156,Conversions,2024-07-01,2024-09-08
CMP01422,ADV0156,Conversions,2024-09-15,2024-12-13
CMP01423,ADV0156,Conversions,2024-12-22,2025-05-12
CMP01424,ADV0156,App Installs,2025-05-23,2025-10-10
CMP01425,ADV0156,Conversions,2025-10-25,2025-12-31
CMP01426,ADV0157,Traffic,2024-07-01,2024-08-21
CMP01427,ADV0157,App Installs,2024-09-06,2024-11-25
CMP01428,ADV0157,App Installs,2024-11-26,2025-03-03
CMP01429,ADV0157,Conversions,2025-03-04,2025-03-28
CMP01430,ADV0157,Traffic,2024-07-01,2024-08-06
CMP01431,ADV0157,App Installs,2024-08-21,2024-10-28
CMP01432,ADV0157,Conversions,2024-11-14,2025-03-06
CMP01433,ADV0157,Conversions,2025-03-16,2025-03-28
CMP01434,ADV0158,App Installs,2024-07-01,2024-08-29
CMP01435,ADV0158,Traffic,2024-08-29,2024-12-16
CMP01436,ADV0158,Traffic,2024-12-18,2025-03-06
CMP01437,ADV0158,Conversions,2025-03-20,2025-06-20
CMP01438,ADV0158,Conversions,2025-06-23,2025-09-25
CMP01439,ADV0159,Traffic,2024-07-16,2024-10-16
CMP01440,ADV0159,Traffic,2024-11-01,2025-02-17
CMP01441,ADV0159,App Installs,2025-02-20,2025-04-16
CMP01442,ADV0159,App Installs,2025-04-19,2025-09-06
CMP01443,ADV0159,Traffic,2025-09-15,2025-09-24
CMP01444,ADV0159,Video Views,2024-07-20,2024-12-06
CMP01445,ADV0159,Conversions,2024-12-12,2025-04-27
CMP01446,ADV0159,App Installs,2025-05-01,2025-08-05
CMP01447,ADV0159,Conversions,2025-08-12,2025-09-24
CMP01448,ADV0159,App Installs,2024-07-11,2024-09-10
CMP01449,ADV0159,App Installs,2024-09-16,2024-10-31
CMP01450,ADV0159,Reach,2024-11-09,2025-04-21
CMP01451,ADV0159,Traffic,2025-04-25,2025-06-17
CMP01452,ADV0159,Traffic,2025-06-18,2025-08-23
CMP01453,ADV0159,Conversions,2025-09-01,2025-09-24
CMP01454,ADV0160,Video Views,2024-07-01,2024-09-18
CMP01455,ADV0160,Video Views,2024-09-21,2025-03-04
CMP01456,ADV0160,Video Views,2025-03-05,2025-05-28
CMP01457,ADV0160,Video Views,2025-06-08,2025-08-25
CMP01458,ADV0161,Video Views,2024-07-01,2024-07-31
CMP01459,ADV0161,Traffic,2024-08-12,2024-10-16
CMP01460,ADV0161,App Installs,2024-10-28,2024-12-17
CMP01461,ADV0161,Traffic,2024-12-23,2025-03-12
CMP01462,ADV0161,Conversions,2025-03-26,2025-05-30
CMP01463,ADV0161,Traffic,2025-06-05,2025-08-25
CMP01464,ADV0161,Conversions,2024-07-01,2024-08-27
CMP01465,ADV0161,Reach,2024-09-05,2024-12-01
CMP01466,ADV0161,Conversions,2024-12-12,2025-01-26
CMP01467,ADV0161,App Installs,2025-02-07,2025-06-29
CMP01468,ADV0161,Conversions,2025-07-06,2025-08-25
CMP01469,ADV0162,Conversions,2024-07-01,2024-07-16
CMP01470,ADV0162,Video Views,2024-07-22,2024-12-27
CMP01471,ADV0162,Reach,2025-01-01,2025-06-05
CMP01472,ADV0162,Reach,2025-06-09,2025-09-20
CMP01473,ADV0162,Video Views,2025-10-03,2025-12-21
CMP01474,ADV0162,App Installs,2025-12-21,2025-12-31
CMP01475,ADV0162,Reach,2024-07-06,2024-09-02
CMP01476,ADV0162,App Installs,2024-09-12,2025-01-15
CMP01477,ADV0162,App Installs,2025-01-27,2025-04-12
CMP01478,ADV0162,Conversions,2025-04-17,2025-06-16
CMP01479,ADV0162,Reach,2025-07-01,2025-10-03
CMP01480,ADV0162,Conversions,2025-10-05,2025-12-31
CMP01481,ADV0163,Conversions,2024-07-01,2024-10-15
CMP01482,ADV0163,Conversions,2024-10-18,2025-01-14
CMP01483,ADV0163,App Installs,2025-01-23,2025-06-26
CMP01484,ADV0163,Conversions,2024-07-01,2024-10-29
CMP01485,ADV0163,Traffic,2024-11-12,2025-03-14
CMP01486,ADV0163,Conversions,2025-03-18,2025-06-26
CMP01487,ADV0163,Video Views,2024-07-01,2024-07-16
CMP01488,ADV0163,Traffic,2024-07-27,2024-12-29
CMP01489,ADV0163,Video Views,2024-12-31,2025-03-18
CMP01490,ADV0163,Traffic,2025-04-03,2025-06-26
CMP01491,ADV0164,Conversions,2024-07-21,2024-11-04
CMP01492,ADV0164,Conversions,2024-11-13,2024-12-28
CMP01493,ADV0164,App Installs,2024-07-01,2024-07-17
CMP01494,ADV0164,App Installs,2024-07-29,2024-10-12
CMP01495,ADV0164,Video Views,2024-10-27,2024-12-28
CMP01496,ADV0165,Conversions,2024-07-04,2024-08-30
CMP01497,ADV0165,Reach,2024-07-01,2024-07-09
CMP01498,ADV0165,App Installs,2024-07-16,2024-08-30
CMP01499,ADV0166,Reach,2024-07-01,2024-07-18
CMP01500,ADV0166,Conversions,2024-07-25,2024-10-26
CMP01501,ADV0166,Reach,2024-10-26,2025-03-05
CMP01502,ADV0166,Traffic,2025-03-19,2025-08-09
CMP01503,ADV0166,Traffic,2025-08-17,2025-12-11
CMP01504,ADV0166,Video Views,2025-12-18,2025-12-31
CMP01505,ADV0166,Conversions,2024-07-01,2024-07-09
CMP01506,ADV0166,Conversions,2024-07-24,2024-12-11
CMP01507,ADV0166,App Installs,2024-12-16,2025-04-10
CMP01508,ADV0166,Video Views,2025-04-14,2025-08-07
CMP01509,ADV0166,Traffic,2025-08-19,2025-10-21
CMP01510,ADV0166,App Installs,2025-11-05,2025-12-28
CMP01511,ADV0166,Video Views,2024-07-01,2024-11-18
CMP01512,ADV0166,App Installs,2024-12-03,2025-04-25
CMP01513,ADV0166,Conversions,2025-05-01,2025-07-04
CMP01514,ADV0166,Conversions,2025-07-18,2025-11-16
CMP01515,ADV0166,Traffic,2025-11-21,2025-12-31
CMP01516,ADV0166,Traffic,2024-07-01,2024-08-09
CMP01517,ADV0166,Conversions,2024-08-20,2024-11-05
CMP01518,ADV0166,Reach,2024-11-19,2025-04-11
CMP01519,ADV0166,Conversions,2025-04-26,2025-07-10
CMP01520,ADV0166,Video Views,2025-07-11,2025-11-18
CMP01521,ADV0166,Conversions,2025-11-23,2025-12-31
CMP01522,ADV0166,Conversions,2024-07-01,2024-07-20
CMP01523,ADV0166,Reach,2024-08-05,2024-11-25
CMP01524,ADV0166,Conversions,2024-12-08,2025-02-12
CMP01525,ADV0166,App Installs,2025-02-26,2025-06-01
CMP01526,ADV0166,Video Views,2025-06-06,2025-10-29
CMP01527,ADV0166,Conversions,2025-11-14,2025-12-31
CMP01528,ADV0167,Traffic,2024-07-01,2024-07-25
CMP01529,ADV0167,Conversions,2024-07-01,2024-07-31
CMP01530,ADV0168,Conversions,2024-07-01,2024-08-08
CMP01531,ADV0168,Conversions,2024-08-25,2025-02-05
CMP01532,ADV0168,Conversions,2025-02-07,2025-07-03
CMP01533,ADV0168,Conversions,2025-07-11,2025-12-15
CMP01534,ADV0168,App Installs,2025-12-23,2025-12-31
CMP01535,ADV0169,Conversions,2024-07-01,2024-08-01
CMP01536,ADV0169,Traffic,2024-08-05,2024-11-13
CMP01537,ADV0169,Video Views,2024-11-26,2025-02-02
CMP01538,ADV0169,Conversions,2025-02-04,2025-07-05
CMP01539,ADV0169,Traffic,2025-07-05,2025-11-10
CMP01540,ADV0169,Reach,2025-11-11,2025-12-31
CMP01541,ADV0169,Conversions,2024-07-01,2024-09-11
CMP01542,ADV0169,Conversions,2024-09-13,2024-11-14
CMP01543,ADV0169,Traffic,2024-11-20,2025-04-07
CMP01544,ADV0169,Conversions,2025-04-11,2025-07-28
CMP01545,ADV0169,Traffic,2025-08-01,2025-11-30
CMP01546,ADV0169,Video Views,2025-12-17,2025-12-31
CMP01547,ADV0169,Video Views,2024-07-01,2024-08-10
CMP01548,ADV0169,Conversions,2024-08-10,2025-01-01
CMP01549,ADV0169,Conversions,2025-01-16,2025-04-10
CMP01550,ADV0169,App Installs,2025-04-23,2025-08-22
CMP01551,ADV0169,Video Views,2025-08-27,2025-12-31
CMP01552,ADV0169,App Installs,2024-07-01,2024-11-12
CMP01553,ADV0169,Traffic,2024-11-14,2025-01-31
CMP01554,ADV0169,Traffic,2025-02-05,2025-04-17
CMP01555,ADV0169,Conversions,2025-04-23,2025-07-01
CMP01556,ADV0169,Video Views,2025-07-15,2025-11-19
CMP01557,ADV0169,Conversions,2025-11-19,2025-12-31
CMP01558,ADV0169,Reach,2024-07-01,2024-09-21
CMP01559,ADV0169,App Installs,2024-10-07,2024-12-14
CMP01560,ADV0169,Conversions,2024-12-28,2025-05-02
CMP01561,ADV0169,Traffic,2025-05-18,2025-09-30
CMP01562,ADV0169,Conversions,2025-10-02,2025-12-31
CMP01563,ADV0170,App Installs,2024-07-01,2024-08-15
CMP01564,ADV0170,Traffic,2024-08-23,2024-08-30
CMP01565,ADV0171,App Installs,2024-07-01,2024-07-08
CMP01566,ADV0171,Conversions,2024-07-24,2024-11-18
CMP01567,ADV0171,App Installs,2024-12-02,2025-03-10
CMP01568,ADV0171,Traffic,2025-03-20,2025-05-08
CMP01569,ADV0171,Conversions,2025-05-10,2025-09-08
CMP01570,ADV0171,App Installs,2025-09-23,2025-10-14
CMP01571,ADV0171,Traffic,2024-07-01,2024-07-20
CMP01572,ADV0171,Conversions,2024-08-03,2025-01-09
CMP01573,ADV0171,Conversions,2025-01-17,2025-03-14
CMP01574,ADV0171,Conversions,2025-03-24,2025-08-07
CMP01575,ADV0171,Conversions,2025-08-18,2025-10-14
CMP01576,ADV0172,App Installs,2024-07-06,2024-10-11
CMP01577,ADV0172,App Installs,2024-10-11,2025-01-30
CMP01578,ADV0172,Reach,2025-02-12,2025-05-18
CMP01579,ADV0172,Conversions,2025-06-01,2025-10-08
CMP01580,ADV0172,Traffic,2025-10-11,2025-12-02
CMP01581,ADV0172,App Installs,2025-12-04,2025-12-31
CMP01582,ADV0172,Video Views,2024-07-11,2024-10-18
CMP01583,ADV0172,App Installs,2024-10-27,2025-03-24
CMP01584,ADV0172,Reach,2025-03-27,2025-09-06
CMP01585,ADV0172,Traffic,2025-09-09,2025-12-31
CMP01586,ADV0173,Conversions,2024-07-01,2024-07-26
CMP01587,ADV0173,Reach,2024-08-12,2024-11-16
CMP01588,ADV0173,Video Views,2024-11-24,2025-04-01
CMP01589,ADV0173,Conversions,2025-04-05,2025-05-31
CMP01590,ADV0173,Traffic,2025-06-06,2025-08-30
CMP01591,ADV0173,Conversions,2025-09-14,2025-12-31
CMP01592,ADV0173,Reach,2024-07-01,2024-08-26
CMP01593,ADV0173,App Installs,2024-09-11,2024-11-16
CMP01594,ADV0173,Conversions,2024-11-22,2025-01-23
CMP01595,ADV0173,Conversions,2025-01-29,2025-05-15
CMP01596,ADV0173,Traffic,2025-06-01,2025-10-19
CMP01597,ADV0173,Conversions,2025-10-29,2025-12-31
CMP01598,ADV0173,Video Views,2024-07-01,2024-08-16
CMP01599,ADV0173,Conversions,2024-08-25,2024-11-10
CMP01600,ADV0173,Conversions,2024-11-27,2025-03-12
CMP01601,ADV0173,Traffic,2025-03-23,2025-05-25
CMP01602,ADV0173,Video Views,2025-05-31,2025-10-30
CMP01603,ADV0173,Traffic,2025-11-11,2025-12-27
CMP01604,ADV0174,App Installs,2024-07-07,2024-09-12
CMP01605,ADV0174,App Installs,2024-09-23,2025-01-19
CMP01606,ADV0174,Conversions,2025-01-24,2025-05-29
CMP01607,ADV0174,Reach,2025-06-15,2025-08-15
CMP01608,ADV0174,App Installs,2025-08-22,2025-12-02
CMP01609,ADV0174,Conversions,2025-12-08,2025-12-31
CMP01610,ADV0174,Reach,2024-07-01,2024-07-22
CMP01611,ADV0174,Traffic,2024-07-30,2024-11-19
CMP01612,ADV0174,Reach,2024-11-23,2025-02-16
CMP01613,ADV0174,Conversions,2025-03-01,2025-05-01
CMP01614,ADV0174,Traffic,2025-05-13,2025-09-27
CMP01615,ADV0174,Traffic,2025-10-07,2025-12-31
CMP01616,ADV0174,Conversions,2024-07-01,2024-08-15
CMP01617,ADV0174,App Installs,2024-08-19,2024-12-04
CMP01618,ADV0174,Conversions,2024-12-13,2025-01-27
CMP01619,ADV0174,Conversions,2025-01-27,2025-05-20
CMP01620,ADV0174,App Installs,2025-05-29,2025-10-17
CMP01621,ADV0174,App Installs,2025-10-28,2025-12-31
CMP01622,ADV0174,Reach,2024-07-07,2024-11-21
CMP01623,ADV0174,Conversions,2024-11-26,2025-04-17
CMP01624,ADV0174,Video Views,2025-05-02,2025-06-22
CMP01625,ADV0174,Traffic,2025-06-26,2025-08-11
CMP01626,ADV0174,Traffic,2025-08-17,2025-12-31
CMP01627,ADV0174,Video Views,2024-07-01,2024-07-25
CMP01628,ADV0174,App Installs,2024-08-10,2024-11-26
CMP01629,ADV0174,Traffic,2024-11-30,2025-01-18
CMP01630,ADV0174,App Installs,2025-01-28,2025-03-20
CMP01631,ADV0174,Conversions,2025-03-30,2025-08-12
CMP01632,ADV0174,Video Views,2025-08-12,2025-11-02
CMP01633,ADV0174,Video Views,2025-11-14,2025-12-31
CMP01634,ADV0175,Conversions,2024-07-01,2024-08-22
CMP01635,ADV0175,Conversions,2024-08-24,2024-11-10
CMP01636,ADV0175,Conversions,2024-11-18,2025-04-03
CMP01637,ADV0175,Reach,2025-04-18,2025-09-02
CMP01638,ADV0175,Traffic,2025-09-19,2025-12-04
CMP01639,ADV0175,Traffic,2025-12-12,2025-12-31
CMP01640,ADV0176,Traffic,2024-07-01,2024-11-30
CMP01641,ADV0176,Reach,2024-11-30,2025-05-04
CMP01642,ADV0176,Conversions,2025-05-05,2025-10-16
CMP01643,ADV0176,Traffic,2025-10-19,2025-12-31
CMP01644,ADV0176,Conversions,2024-07-01,2024-07-30
CMP01645,ADV0176,Conversions,2024-08-05,2024-12-03
CMP01646,ADV0176,Conversions,2024-12-15,2025-02-27
CMP01647,ADV0176,Traffic,2025-03-11,2025-08-09
CMP01648,ADV0176,Reach,2025-08-09,2025-12-31
CMP01649,ADV0177,Conversions,2024-07-01,2024-08-14
CMP01650,ADV0177,Traffic,2024-08-21,2024-12-11
CMP01651,ADV0177,App Installs,2024-12-19,2025-04-27
CMP01652,ADV0177,Video Views,2024-07-01,2024-09-08
CMP01653,ADV0177,Conversions,2024-09-12,2025-02-22
CMP01654,ADV0177,App Installs,2025-03-08,2025-04-23
CMP01655,ADV0177,App Installs,2024-07-01,2024-09-01
CMP01656,ADV0177,App Installs,2024-09-13,2025-02-05
CMP01657,ADV0177,App Installs,2025-02-22,2025-04-27
CMP01658,ADV0178,Conversions,2024-07-01,2024-10-10
CMP01659,ADV0178,Traffic,2024-10-26,2025-03-02
CMP01660,ADV0178,Conversions,2024-07-01,2024-08-09
CMP01661,ADV0178,Reach,2024-08-12,2024-11-10
CMP01662,ADV0178,App Installs,2024-11-10,2025-03-02
CMP01663,ADV0179,Video Views,2024-07-01,2024-07-28
CMP01664,ADV0179,Reach,2024-08-12,2024-10-29
CMP01665,ADV0179,Traffic,2024-11-01,2025-02-26
CMP01666,ADV0179,Conversions,2024-07-05,2024-11-25
CMP01667,ADV0179,Conversions,2024-11-26,2025-01-27
CMP01668,ADV0179,Traffic,2025-02-11,2025-02-26
CMP01669,ADV0179,Conversions,2024-07-01,2024-07-31
CMP01670,ADV0179,Traffic,2024-08-07,2024-11-12
CMP01671,ADV0179,Reach,2024-11-21,2025-02-26
CMP01672,ADV0180,Video Views,2024-07-01,2024-08-30
CMP01673,ADV0180,Video Views,2024-09-11,2024-12-23
CMP01674,ADV0180,Conversions,2025-01-06,2025-04-17
CMP01675,ADV0180,Video Views,2025-05-03,2025-10-03
CMP01676,ADV0180,App Installs,2025-10-09,2025-12-08
CMP01677,ADV0180,Traffic,2024-07-01,2024-08-20
CMP01678,ADV0180,Traffic,2024-08-31,2025-02-03
CMP01679,ADV0180,Traffic,2025-02-14,2025-06-25
CMP01680,ADV0180,Traffic,2025-07-07,2025-10-29
CMP01681,ADV0180,Conversions,2025-11-15,2025-12-23
CMP01682,ADV0180,Conversions,2024-07-01,2024-10-11
CMP01683,ADV0180,Conversions,2024-10-19,2025-02-10
CMP01684,ADV0180,Conversions,2025-02-13,2025-05-20
CMP01685,ADV0180,App Installs,2025-06-05,2025-09-11
CMP01686,ADV0180,Traffic,2025-09-13,2025-12-23
CMP01687,ADV0181,App Installs,2024-07-01,2024-08-06
CMP01688,ADV0181,App Installs,2024-08-11,2024-10-24
CMP01689,ADV0181,Video Views,2024-11-07,2025-01-28
CMP01690,ADV0181,Reach,2025-02-11,2025-06-30
CMP01691,ADV0181,App Installs,2025-07-12,2025-10-25
CMP01692,ADV0181,Traffic,2025-11-03,2025-12-31
CMP01693,ADV0181,Conversions,2024-07-01,2024-11-03
CMP01694,ADV0181,Traffic,2024-11-10,2025-03-31
CMP01695,ADV0181,Video Views,2025-04-11,2025-07-30
CMP01696,ADV0181,Conversions,2025-08-15,2025-10-08
CMP01697,ADV0181,App Installs,2025-10-10,2025-12-31
CMP01698,ADV0181,App Installs,2024-07-01,2024-09-03
CMP01699,ADV0181,Video Views,2024-09-13,2024-11-25
CMP01700,ADV0181,App Installs,2024-11-27,2025-02-18
CMP01701,ADV0181,Reach,2025-03-05,2025-05-26
CMP01702,ADV0181,Conversions,2025-05-28,2025-11-07
CMP01703,ADV0181,Conversions,2025-11-11,2025-12-31
CMP01704,ADV0182,App Installs,2024-07-01,2024-08-27
CMP01705,ADV0183,Reach,2024-07-01,2024-09-21
CMP01706,ADV0183,Traffic,2024-10-08,2024-11-26
CMP01707,ADV0183,Reach,2024-12-02,2025-04-15
CMP01708,ADV0183,Conversions,2025-04-30,2025-08-25
CMP01709,ADV0183,Traffic,2024-07-01,2024-10-07
CMP01710,ADV0183,Traffic,2024-10-16,2025-02-17
CMP01711,ADV0183,Conversions,2025-03-02,2025-06-14
CMP01712,ADV0183,Traffic,2025-06-27,2025-08-25
CMP01713,ADV0184,Video Views,2024-07-01,2024-07-09
CMP01714,ADV0184,Traffic,2024-07-16,2024-11-10
CMP01715,ADV0184,App Installs,2024-11-18,2025-01-23
CMP01716,ADV0184,Conversions,2025-01-31,2025-05-26
CMP01717,ADV0184,App Installs,2025-06-09,2025-09-14
CMP01718,ADV0184,Reach,2025-09-24,2025-11-18
CMP01719,ADV0184,Traffic,2025-11-30,2025-12-16
CMP01720,ADV0185,Conversions,2024-07-01,2024-07-25
CMP01721,ADV0185,App Installs,2024-08-01,2025-01-04
CMP01722,ADV0185,Traffic,2025-01-10,2025-06-12
CMP01723,ADV0185,Traffic,2025-06-13,2025-08-24
CMP01724,ADV0185,Traffic,2025-08-30,2025-12-15
CMP01725,ADV0186,Conversions,2024-07-01,2024-07-31
CMP01726,ADV0186,Traffic,2024-07-01,2024-07-31
CMP01727,ADV0187,Traffic,2024-07-01,2024-10-06
CMP01728,ADV0187,Video Views,2024-10-16,2025-02-02
CMP01729,ADV0187,Conversions,2025-02-04,2025-05-30
CMP01730,ADV0187,Traffic,2025-06-06,2025-08-05
CMP01731,ADV0187,Video Views,2025-08-07,2025-12-19
CMP01732,ADV0188,Reach,2024-07-01,2024-09-25
CMP01733,ADV0188,Traffic,2024-10-09,2024-11-28
CMP01734,ADV0188,Traffic,2024-12-03,2025-04-13
CMP01735,ADV0188,Conversions,2025-04-27,2025-08-27
CMP01736,ADV0188,App Installs,2025-09-13,2025-10-24
CMP01737,ADV0188,Video Views,2024-07-01,2024-09-13
CMP01738,ADV0188,Conversions,2024-09-14,2025-01-31
CMP01739,ADV0188,Reach,2025-02-03,2025-03-27
CMP01740,ADV0188,Video Views,2025-04-09,2025-07-02
CMP01741,ADV0188,Traffic,2025-07-08,2025-09-29
CMP01742,ADV0188,Traffic,2025-09-29,2025-10-24
CMP01743,ADV0188,Reach,2024-07-01,2024-10-09
CMP01744,ADV0188,Video Views,2024-10-18,2025-01-10
CMP01745,ADV0188,Conversions,2025-01-21,2025-04-19
CMP01746,ADV0188,App Installs,2025-04-23,2025-08-26
CMP01747,ADV0188,Video Views,2025-09-08,2025-10-24
CMP01748,ADV0189,Traffic,2024-07-01,2024-08-26
CMP01749,ADV0189,Traffic,2024-08-30,2024-10-24
CMP01750,ADV0189,Traffic,2024-11-08,2025-02-17
CMP01751,ADV0189,Traffic,2025-02-25,2025-04-17
CMP01752,ADV0189,Conversions,2025-04-30,2025-07-18
CMP01753,ADV0189,Conversions,2025-08-03,2025-10-02
CMP01754,ADV0189,Video Views,2025-10-02,2025-11-28
CMP01755,ADV0189,Reach,2025-12-09,2025-12-31
CMP01756,ADV0189,Conversions,2024-07-01,2024-08-24
CMP01757,ADV0189,Conversions,2024-09-10,2024-11-04
CMP01758,ADV0189,Conversions,2024-11-08,2025-03-31
CMP01759,ADV0189,App Installs,2025-04-02,2025-05-21
CMP01760,ADV0189,Video Views,2025-05-23,2025-07-09
CMP01761,ADV0189,Reach,2025-07-15,2025-10-07
CMP01762,ADV0189,Traffic,2025-10-08,2025-12-31
CMP01763,ADV0189,Traffic,2024-07-01,2024-08-23
CMP01764,ADV0189,App Installs,2024-09-09,2024-11-09
CMP01765,ADV0189,Conversions,2024-11-25,2025-02-18
CMP01766,ADV0189,App Installs,2025-02-24,2025-04-15
CMP01767,ADV0189,Traffic,2025-04-16,2025-09-19
CMP01768,ADV0189,App Installs,2025-10-03,2025-12-31
CMP01769,ADV0190,Traffic,2024-07-08,2024-11-16
CMP01770,ADV0190,Video Views,2024-11-23,2025-01-28
CMP01771,ADV0190,App Installs,2025-02-14,2025-07-07
CMP01772,ADV0190,App Installs,2025-07-18,2025-10-12
CMP01773,ADV0190,Conversions,2025-10-24,2025-12-31
CMP01774,ADV0190,Conversions,2024-07-01,2024-08-16
CMP01775,ADV0190,Reach,2024-08-22,2024-10-20
CMP01776,ADV0190,Conversions,2024-10-24,2025-01-05
CMP01777,ADV0190,Video Views,2025-01-18,2025-06-06
CMP01778,ADV0190,Video Views,2025-06-09,2025-09-25
CMP01779,ADV0190,App Installs,2025-10-06,2025-12-31
CMP01780,ADV0190,App Installs,2024-07-01,2024-08-03
CMP01781,ADV0190,Traffic,2024-08-16,2024-11-24
CMP01782,ADV0190,App Installs,2024-12-01,2025-04-26
CMP01783,ADV0190,Conversions,2025-05-06,2025-08-22
CMP01784,ADV0190,Reach,2025-08-23,2025-11-01
CMP01785,ADV0190,Conversions,2025-11-08,2025-12-31
CMP01786,ADV0190,App Installs,2024-07-01,2024-09-09
CMP01787,ADV0190,Traffic,2024-09-25,2025-01-15
CMP01788,ADV0190,Traffic,2025-01-29,2025-04-20
CMP01789,ADV0190,Conversions,2025-04-25,2025-07-07
CMP01790,ADV0190,Video Views,2025-07-12,2025-11-10
CMP01791,ADV0190,Traffic,2025-11-24,2025-12-31
CMP01792,ADV0190,App Installs,2024-07-01,2024-11-03
CMP01793,ADV0190,Video Views,2024-11-11,2025-01-29
CMP01794,ADV0190,Traffic,2025-02-10,2025-07-19
CMP01795,ADV0190,Conversions,2025-07-21,2025-12-06
CMP01796,ADV0190,App Installs,2025-12-13,2025-12-31
CMP01797,ADV0191,Conversions,2024-07-01,2024-07-25
CMP01798,ADV0191,Video Views,2024-08-09,2025-01-01
CMP01799,ADV0191,Video Views,2025-01-16,2025-06-12
CMP01800,ADV0191,App Installs,2025-06-24,2025-09-28
CMP01801,ADV0191,Traffic,2025-10-04,2025-11-23
CMP01802,ADV0191,App Installs,2025-11-29,2025-12-31
CMP01803,ADV0192,Traffic,2024-07-01,2024-07-25
CMP01804,ADV0192,App Installs,2024-07-30,2024-08-30
CMP01805,ADV0193,Conversions,2024-07-01,2024-09-02
CMP01806,ADV0193,Conversions,2024-09-18,2025-01-10
CMP01807,ADV0193,Conversions,2025-01-12,2025-06-22
CMP01808,ADV0193,Traffic,2025-06-22,2025-08-26
CMP01809,ADV0193,Conversions,2025-08-30,2025-12-31
CMP01810,ADV0193,Traffic,2024-07-01,2024-10-22
CMP01811,ADV0193,Reach,2024-10-30,2024-12-30
CMP01812,ADV0193,App Installs,2025-01-06,2025-03-29
CMP01813,ADV0193,Conversions,2025-04-05,2025-07-13
CMP01814,ADV0193,Reach,2025-07-17,2025-12-18
CMP01815,ADV0193,Conversions,2024-07-11,2024-12-15
CMP01816,ADV0193,App Installs,2024-12-25,2025-02-18
CMP01817,ADV0193,Reach,2025-02-22,2025-06-07
CMP01818,ADV0193,Conversions,2025-06-24,2025-09-04
CMP01819,ADV0193,Traffic,2025-09-11,2025-11-25
CMP01820,ADV0193,Conversions,2025-11-27,2025-12-31
CMP01821,ADV0194,Traffic,2024-07-01,2024-08-20
CMP01822,ADV0194,Video Views,2024-08-25,2024-12-08
CMP01823,ADV0194,Traffic,2024-12-10,2025-02-26
CMP01824,ADV0195,App Installs,2024-07-01,2024-08-30
CMP01825,ADV0196,Conversions,2024-07-05,2024-10-11
CMP01826,ADV0196,App Installs,2024-10-14,2024-12-04
CMP01827,ADV0196,App Installs,2024-12-04,2025-02-19
CMP01828,ADV0196,Traffic,2025-02-25,2025-04-22
CMP01829,ADV0196,Traffic,2025-05-03,2025-08-03
CMP01830,ADV0196,Traffic,2025-08-17,2025-10-24
CMP01831,ADV0197,Conversions,2024-07-02,2024-10-10
CMP01832,ADV0198,Conversions,2024-07-01,2024-07-22
CMP01833,ADV0198,Conversions,2024-07-25,2024-11-11
CMP01834,ADV0198,Conversions,2024-07-01,2024-07-24
CMP01835,ADV0198,Conversions,2024-08-09,2024-11-04
CMP01836,ADV0199,App Installs,2024-07-01,2024-08-27
CMP01837,ADV0199,Traffic,2024-08-30,2024-12-19
CMP01838,ADV0199,Conversions,2024-12-27,2025-05-11
CMP01839,ADV0199,Reach,2025-05-24,2025-10-22
CMP01840,ADV0199,Reach,2025-10-26,2025-12-11
CMP01841,ADV0199,Traffic,2025-12-16,2025-12-31
CMP01842,ADV0199,Conversions,2024-07-01,2024-07-10
CMP01843,ADV0199,Video Views,2024-07-27,2024-12-10
CMP01844,ADV0199,Video Views,2024-12-16,2025-03-16
CMP01845,ADV0199,App Installs,2025-03-18,2025-06-25
CMP01846,ADV0199,Traffic,2025-06-25,2025-10-21
CMP01847,ADV0199,Conversions,2025-10-21,2025-12-31
CMP01848,ADV0200,Conversions,2024-07-01,2024-07-12
CMP01849,ADV0200,Video Views,2024-07-27,2024-09-16
CMP01850,ADV0200,Conversions,2024-10-03,2025-02-03
CMP01851,ADV0200,Video Views,2025-02-19,2025-05-22
CMP01852,ADV0200,Traffic,2025-06-02,2025-11-13
CMP01853,ADV0200,App Installs,2025-11-22,2025-12-31
CMP01854,ADV0201,Traffic,2024-07-01,2024-11-10
CMP01855,ADV0201,Traffic,2024-11-24,2025-02-26
CMP01856,ADV0201,App Installs,2024-07-01,2024-09-24
CMP01857,ADV0201,Traffic,2024-10-07,2025-02-26
CMP01858,ADV0202,App Installs,2024-07-01,2024-09-19
CMP01859,ADV0202,Conversions,2024-09-23,2025-01-19
CMP01860,ADV0202,Traffic,2025-02-04,2025-06-03
CMP01861,ADV0202,Video Views,2025-06-19,2025-09-13
CMP01862,ADV0202,Conversions,2025-09-21,2025-12-31
CMP01863,ADV0202,App Installs,2024-07-01,2024-09-02
CMP01864,ADV0202,Conversions,2024-09-07,2024-12-24
CMP01865,ADV0202,Conversions,2024-12-30,2025-02-17
CMP01866,ADV0202,Conversions,2025-03-01,2025-04-30
CMP01867,ADV0202,Traffic,2025-05-12,2025-07-11
CMP01868,ADV0202,App Installs,2025-07-24,2025-11-25
CMP01869,ADV0202,Conversions,2025-12-08,2025-12-31
CMP01870,ADV0202,Reach,2024-07-01,2024-07-15
CMP01871,ADV0202,Conversions,2024-07-21,2024-09-10
CMP01872,ADV0202,App Installs,2024-09-27,2025-01-05
CMP01873,ADV0202,Conversions,2025-01-20,2025-04-09
CMP01874,ADV0202,Conversions,2025-04-22,2025-09-14
CMP01875,ADV0202,Traffic,2025-10-01,2025-12-31
CMP01876,ADV0203,Conversions,2024-07-03,2024-09-06
CMP01877,ADV0203,Reach,2024-09-17,2024-09-29
CMP01878,ADV0204,Video Views,2024-07-01,2024-08-07
CMP01879,ADV0204,App Installs,2024-08-11,2025-01-10
CMP01880,ADV0204,Video Views,2025-01-15,2025-04-12
CMP01881,ADV0204,Traffic,2025-04-23,2025-09-30
CMP01882,ADV0204,Conversions,2025-10-05,2025-12-22
CMP01883,ADV0204,Reach,2024-07-01,2024-10-10
CMP01884,ADV0204,Conversions,2024-10-18,2025-01-17
CMP01885,ADV0204,Video Views,2025-01-21,2025-03-16
CMP01886,ADV0204,Traffic,2025-03-21,2025-05-24
CMP01887,ADV0204,Conversions,2025-05-26,2025-10-30
CMP01888,ADV0204,Conversions,2025-11-10,2025-12-31
CMP01889,ADV0205,Conversions,2024-07-09,2024-07-31
CMP01890,ADV0205,Traffic,2024-07-01,2024-07-31
CMP01891,ADV0205,App Installs,2024-07-16,2024-07-31
CMP01892,ADV0206,App Installs,2024-07-01,2024-09-24
CMP01893,ADV0206,Reach,2024-10-02,2024-11-16
CMP01894,ADV0206,Conversions,2024-11-18,2025-04-25
CMP01895,ADV0206,Video Views,2025-04-27,2025-09-18
CMP01896,ADV0206,Conversions,2025-09-27,2025-11-29
CMP01897,ADV0206,Conversions,2025-12-02,2025-12-31
CMP01898,ADV0206,Conversions,2024-07-01,2024-07-26
CMP01899,ADV0206,Traffic,2024-08-12,2024-10-19
CMP01900,ADV0206,Conversions,2024-10-19,2025-01-31
CMP01901,ADV0206,Reach,2025-02-06,2025-03-26
CMP01902,ADV0206,Video Views,2025-03-30,2025-08-30
CMP01903,ADV0206,Reach,2025-09-08,2025-12-31
CMP01904,ADV0206,Conversions,2024-07-01,2024-08-13
CMP01905,ADV0206,Reach,2024-08-27,2024-12-10
CMP01906,ADV0206,Video Views,2024-12-20,2025-05-31
CMP01907,ADV0206,App Installs,2025-06-07,2025-10-12
CMP01908,ADV0206,App Installs,2025-10-27,2025-12-31
CMP01909,ADV0207,App Installs,2024-07-01,2024-08-22
CMP01910,ADV0207,Traffic,2024-09-05,2025-01-15
CMP01911,ADV0207,Reach,2025-01-29,2025-06-22
CMP01912,ADV0207,Video Views,2025-07-02,2025-09-18
CMP01913,ADV0207,Traffic,2025-09-29,2025-12-31
CMP01914,ADV0207,Conversions,2024-07-01,2024-09-20
CMP01915,ADV0207,Reach,2024-09-25,2024-12-02
CMP01916,ADV0207,App Installs,2024-12-17,2025-05-28
CMP01917,ADV0207,Conversions,2025-06-04,2025-09-11
CMP01918,ADV0207,Conversions,2025-09-22,2025-12-31
CMP01919,ADV0208,Conversions,2024-07-01,2024-07-19
CMP01920,ADV0208,Conversions,2024-07-19,2024-09-27
CMP01921,ADV0208,Conversions,2024-09-29,2025-01-31
CMP01922,ADV0208,Conversions,2025-01-31,2025-04-13
CMP01923,ADV0208,Video Views,2025-04-21,2025-09-29
CMP01924,ADV0208,Conversions,2025-10-15,2025-12-31
CMP01925,ADV0208,App Installs,2024-07-19,2024-10-29
CMP01926,ADV0208,App Installs,2024-11-14,2025-04-07
CMP01927,ADV0208,App Installs,2025-04-10,2025-07-22
CMP01928,ADV0208,Conversions,2025-07-27,2025-10-04
CMP01929,ADV0208,Conversions,2025-10-16,2025-12-16
CMP01930,ADV0208,Conversions,2025-12-21,2025-12-31
CMP01931,ADV0209,Conversions,2024-07-12,2024-09-30
CMP01932,ADV0209,App Installs,2024-10-15,2025-02-02
CMP01933,ADV0209,Conversions,2025-02-17,2025-07-04
CMP01934,ADV0209,App Installs,2025-07-07,2025-09-11
CMP01935,ADV0209,Conversions,2025-09-18,2025-12-31
CMP01936,ADV0209,Traffic,2024-07-01,2024-08-03
CMP01937,ADV0209,Video Views,2024-08-10,2024-10-11
CMP01938,ADV0209,Conversions,2024-10-18,2025-01-07
CMP01939,ADV0209,Reach,2025-01-21,2025-04-04
CMP01940,ADV0209,Conversions,2025-04-15,2025-08-05
CMP01941,ADV0209,Video Views,2025-08-18,2025-11-04
CMP01942,ADV0209,Traffic,2025-11-08,2025-12-31
CMP01943,ADV0209,Conversions,2024-07-16,2024-10-04
CMP01944,ADV0209,Conversions,2024-10-08,2024-12-06
CMP01945,ADV0209,App Installs,2024-12-21,2025-05-28
CMP01946,ADV0209,Traffic,2025-06-07,2025-08-26
CMP01947,ADV0209,Reach,2025-09-07,2025-11-24
CMP01948,ADV0209,Traffic,2025-12-02,2025-12-31
CMP01949,ADV0210,App Installs,2024-07-01,2024-08-01
CMP01950,ADV0210,Video Views,2024-08-01,2024-10-29
CMP01951,ADV0211,Traffic,2024-07-07,2024-10-21
CMP01952,ADV0211,Video Views,2024-10-29,2025-02-16
CMP01953,ADV0211,Traffic,2025-02-22,2025-04-13
CMP01954,ADV0211,Traffic,2025-04-30,2025-05-26
CMP01955,ADV0212,App Installs,2024-07-01,2024-08-12
CMP01956,ADV0212,Conversions,2024-08-26,2024-11-05
CMP01957,ADV0212,Reach,2024-11-11,2025-02-16
CMP01958,ADV0212,Traffic,2025-02-17,2025-06-28
CMP01959,ADV0212,App Installs,2025-07-12,2025-11-11
CMP01960,ADV0212,App Installs,2025-11-11,2025-12-31
CMP01961,ADV0212,App Installs,2024-07-01,2024-07-18
CMP01962,ADV0212,App Installs,2024-07-27,2024-09-18
CMP01963,ADV0212,Traffic,2024-10-01,2024-12-20
CMP01964,ADV0212,Conversions,2024-12-31,2025-03-05
CMP01965,ADV0212,Conversions,2025-03-19,2025-07-20
CMP01966,ADV0212,Conversions,2025-08-06,2025-09-21
CMP01967,ADV0212,App Installs,2025-09-30,2025-12-31
CMP01968,ADV0212,Conversions,2024-07-01,2024-11-04
CMP01969,ADV0212,Reach,2024-11-15,2025-03-15
CMP01970,ADV0212,Traffic,2025-03-26,2025-09-04
CMP01971,ADV0212,Conversions,2025-09-13,2025-12-31
CMP01972,ADV0212,Video Views,2024-07-01,2024-08-24
CMP01973,ADV0212,Conversions,2024-08-28,2024-10-27
CMP01974,ADV0212,Traffic,2024-11-11,2025-01-31
CMP01975,ADV0212,Conversions,2025-02-01,2025-03-19
CMP01976,ADV0212,Conversions,2025-03-23,2025-08-23
CMP01977,ADV0212,Conversions,2025-09-07,2025-12-14
CMP01978,ADV0213,Traffic,2024-07-01,2024-07-31
CMP01979,ADV0213,Video Views,2024-08-10,2024-10-07
CMP01980,ADV0213,App Installs,2024-10-21,2025-02-17
CMP01981,ADV0213,Conversions,2024-07-01,2024-07-18
CMP01982,ADV0213,Reach,2024-08-04,2024-09-30
CMP01983,ADV0213,Conversions,2024-09-30,2024-11-25
CMP01984,ADV0213,Conversions,2024-11-26,2025-02-26
CMP01985,ADV0213,Traffic,2024-07-01,2024-08-07
CMP01986,ADV0213,Video Views,2024-08-18,2024-11-07
CMP01987,ADV0213,Video Views,2024-11-18,2025-01-29
CMP01988,ADV0213,App Installs,2025-02-06,2025-02-26
CMP01989,ADV0214,Conversions,2024-07-01,2024-07-18
CMP01990,ADV0214,Reach,2024-07-30,2024-09-15
CMP01991,ADV0214,Conversions,2024-10-02,2024-10-29
CMP01992,ADV0215,Reach,2024-07-03,2024-09-23
CMP01993,ADV0216,Conversions,2024-07-01,2024-07-15
CMP01994,ADV0216,Conversions,2024-07-30,2025-01-09
CMP01995,ADV0216,Traffic,2025-01-10,2025-05-25
CMP01996,ADV0216,Reach,2025-05-29,2025-11-01
CMP01997,ADV0216,App Installs,2025-11-01,2025-12-31
CMP01998,ADV0216,Video Views,2024-07-04,2024-09-20
CMP01999,ADV0216,Traffic,2024-10-03,2025-01-25
CMP02000,ADV0216,Conversions,2025-02-06,2025-06-26
CMP02001,ADV0216,Video Views,2025-07-08,2025-08-31
CMP02002,ADV0216,Reach,2025-09-17,2025-11-05
CMP02003,ADV0216,Conversions,2025-11-22,2025-12-31
CMP02004,ADV0217,Conversions,2024-07-01,2024-09-15
CMP02005,ADV0217,Conversions,2024-09-27,2024-11-29
CMP02006,ADV0217,Video Views,2024-12-11,2025-01-27
CMP02007,ADV0218,Conversions,2024-07-02,2024-08-31
CMP02008,ADV0218,Conversions,2024-09-13,2025-02-22
CMP02009,ADV0218,Traffic,2025-02-28,2025-05-03
CMP02010,ADV0218,App Installs,2025-05-03,2025-05-27
CMP02011,ADV0218,App Installs,2024-07-01,2024-07-28
CMP02012,ADV0218,App Installs,2024-08-06,2024-10-13
CMP02013,ADV0218,Conversions,2024-10-14,2025-02-01
CMP02014,ADV0218,Traffic,2025-02-07,2025-05-26
CMP02015,ADV0219,App Installs,2024-07-01,2024-08-22
CMP02016,ADV0219,Conversions,2024-08-24,2024-11-09
CMP02017,ADV0219,Traffic,2024-11-26,2025-04-24
CMP02018,ADV0219,Conversions,2025-04-28,2025-07-15
CMP02019,ADV0219,Conversions,2025-07-28,2025-10-26
CMP02020,ADV0219,Conversions,2025-11-01,2025-12-31
CMP02021,ADV0219,Video Views,2024-07-11,2024-11-25
CMP02022,ADV0219,Traffic,2024-12-08,2025-04-24
CMP02023,ADV0219,Video Views,2025-05-09,2025-08-29
CMP02024,ADV0219,Conversions,2025-09-08,2025-12-31
CMP02025,ADV0219,App Installs,2024-07-01,2024-07-27
CMP02026,ADV0219,App Installs,2024-08-07,2024-12-23
CMP02027,ADV0219,Conversions,2024-12-28,2025-03-06
CMP02028,ADV0219,Traffic,2025-03-14,2025-06-09
CMP02029,ADV0219,App Installs,2025-06-25,2025-12-04
CMP02030,ADV0219,Conversions,2025-12-21,2025-12-31
CMP02031,ADV0220,Conversions,2024-07-01,2024-11-11
CMP02032,ADV0220,Conversions,2024-11-16,2025-01-19
CMP02033,ADV0220,App Installs,2025-01-28,2025-06-19
CMP02034,ADV0220,App Installs,2025-06-27,2025-10-01
CMP02035,ADV0220,Conversions,2025-10-10,2025-12-31
CMP02036,ADV0221,App Installs,2024-07-01,2024-08-12
CMP02037,ADV0221,App Installs,2024-08-23,2024-12-15
CMP02038,ADV0221,Conversions,2024-12-22,2025-03-01
CMP02039,ADV0221,Conversions,2025-03-05,2025-05-15
CMP02040,ADV0221,Video Views,2025-05-26,2025-07-24
CMP02041,ADV0221,Video Views,2025-08-07,2025-12-02
CMP02042,ADV0221,Conversions,2025-12-12,2025-12-31
CMP02043,ADV0221,Conversions,2024-07-01,2024-08-17
CMP02044,ADV0221,Conversions,2024-09-01,2024-12-11
CMP02045,ADV0221,App Installs,2024-12-24,2025-05-29
CMP02046,ADV0221,Conversions,2025-06-05,2025-07-31
CMP02047,ADV0221,Reach,2025-07-31,2025-11-01
CMP02048,ADV0221,Conversions,2025-11-08,2025-12-26
CMP02049,ADV0221,Conversions,2024-07-01,2024-07-24
CMP02050,ADV0221,Conversions,2024-08-06,2024-11-03
CMP02051,ADV0221,Conversions,2024-11-07,2025-02-19
CMP02052,ADV0221,Conversions,2025-02-25,2025-07-24
CMP02053,ADV0221,Conversions,2025-08-01,2025-12-03
CMP02054,ADV0221,Conversions,2025-12-14,2025-12-31
CMP02055,ADV0222,Video Views,2024-07-01,2024-08-31
CMP02056,ADV0222,App Installs,2024-09-03,2024-11-29
CMP02057,ADV0222,Conversions,2024-12-02,2025-02-12
CMP02058,ADV0222,App Installs,2025-02-22,2025-06-04
CMP02059,ADV0223,Conversions,2024-07-04,2024-09-11
CMP02060,ADV0223,Video Views,2024-09-22,2025-03-05
CMP02061,ADV0223,Conversions,2025-03-19,2025-05-11
CMP02062,ADV0223,App Installs,2025-05-11,2025-09-07
CMP02063,ADV0223,Conversions,2025-09-07,2025-12-11
CMP02064,ADV0223,Traffic,2025-12-19,2025-12-31
CMP02065,ADV0223,Conversions,2024-07-14,2024-09-05
CMP02066,ADV0223,Video Views,2024-09-12,2025-02-22
CMP02067,ADV0223,Conversions,2025-03-11,2025-08-16
CMP02068,ADV0223,Conversions,2025-08-19,2025-11-18
CMP02069,ADV0223,Video Views,2025-11-25,2025-12-31
CMP02070,ADV0223,Reach,2024-07-01,2024-09-01
CMP02071,ADV0223,Conversions,2024-09-07,2024-12-31
CMP02072,ADV0223,App Installs,2025-01-06,2025-04-09
CMP02073,ADV0223,Conversions,2025-04-17,2025-06-30
CMP02074,ADV0223,Conversions,2025-07-10,2025-10-27
CMP02075,ADV0223,Conversions,2025-10-31,2025-12-31
CMP02076,ADV0224,Conversions,2024-07-01,2024-07-31
CMP02077,ADV0224,Conversions,2024-07-01,2024-07-31
CMP02078,ADV0225,Conversions,2024-07-01,2024-10-03
CMP02079,ADV0225,App Installs,2024-10-11,2025-01-24
CMP02080,ADV0225,Conversions,2025-01-25,2025-06-18
CMP02081,ADV0225,Conversions,2025-06-24,2025-09-25
CMP02082,ADV0225,Conversions,2025-10-08,2025-12-31
CMP02083,ADV0225,Conversions,2024-07-01,2024-09-07
CMP02084,ADV0225,Conversions,2024-09-15,2025-01-02
CMP02085,ADV0225,Video Views,2025-01-08,2025-03-07
CMP02086,ADV0225,Traffic,2025-03-14,2025-07-27
CMP02087,ADV0225,Traffic,2025-08-12,2025-12-15
CMP02088,ADV0226,Traffic,2024-07-01,2024-11-15
CMP02089,ADV0226,Conversions,2024-11-30,2025-04-24
CMP02090,ADV0226,Conversions,2025-04-29,2025-08-06
CMP02091,ADV0226,App Installs,2025-08-08,2025-11-21
CMP02092,ADV0226,Traffic,2024-07-01,2024-09-02
CMP02093,ADV0226,Conversions,2024-09-12,2025-02-09
CMP02094,ADV0226,Conversions,2025-02-11,2025-07-14
CMP02095,ADV0226,Conversions,2025-07-18,2025-11-21
CMP02096,ADV0227,Conversions,2024-07-01,2024-10-03
CMP02097,ADV0227,Traffic,2024-10-06,2025-02-04
CMP02098,ADV0227,Reach,2025-02-19,2025-04-16
CMP02099,ADV0227,Conversions,2025-05-03,2025-07-22
CMP02100,ADV0227,Traffic,2025-07-22,2025-12-18
CMP02101,ADV0228,Conversions,2024-07-01,2024-08-08
CMP02102,ADV0228,Conversions,2024-08-10,2024-12-02
CMP02103,ADV0228,Conversions,2024-12-15,2025-02-26
CMP02104,ADV0228,Reach,2025-02-28,2025-07-22
CMP02105,ADV0228,Conversions,2025-08-01,2025-11-04
CMP02106,ADV0228,Conversions,2025-11-07,2025-12-31
CMP02107,ADV0228,Video Views,2024-07-10,2024-09-20
CMP02108,ADV0228,Reach,2024-09-26,2025-02-01
CMP02109,ADV0228,Reach,2025-02-09,2025-04-06
CMP02110,ADV0228,Conversions,2025-04-15,2025-06-07
CMP02111,ADV0228,App Installs,2025-06-19,2025-11-25
CMP02112,ADV0228,Conversions,2025-11-30,2025-12-31
CMP02113,ADV0229,Traffic,2024-07-01,2024-10-09
CMP02114,ADV0229,Video Views,2024-10-20,2024-12-12
CMP02115,ADV0229,Conversions,2024-12-25,2025-04-16
CMP02116,ADV0229,Traffic,2025-04-18,2025-06-22
CMP02117,ADV0229,Conversions,2025-07-08,2025-09-13
CMP02118,ADV0229,Conversions,2025-09-30,2025-12-27
CMP02119,ADV0229,App Installs,2024-07-01,2024-09-25
CMP02120,ADV0229,Traffic,2024-09-28,2024-12-09
CMP02121,ADV0229,Traffic,2024-12-22,2025-02-06
CMP02122,ADV0229,Traffic,2025-02-17,2025-05-13
CMP02123,ADV0229,Traffic,2025-05-28,2025-09-04
CMP02124,ADV0229,Traffic,2025-09-08,2025-11-05
CMP02125,ADV0229,Video Views,2025-11-10,2025-12-31
CMP02126,ADV0229,Conversions,2024-07-01,2024-08-18
CMP02127,ADV0229,Conversions,2024-09-04,2024-12-30
CMP02128,ADV0229,Conversions,2025-01-02,2025-05-08
CMP02129,ADV0229,Reach,2025-05-17,2025-09-18
CMP02130,ADV0229,App Installs,2025-09-30,2025-12-31
CMP02131,ADV0230,Conversions,2024-07-01,2024-10-01
CMP02132,ADV0230,App Installs,2024-10-18,2025-02-14
CMP02133,ADV0230,Traffic,2025-02-26,2025-04-23
CMP02134,ADV0230,Conversions,2024-07-01,2024-08-14
CMP02135,ADV0230,Conversions,2024-08-15,2024-10-04
CMP02136,ADV0230,Conversions,2024-10-19,2025-01-08
CMP02137,ADV0230,Conversions,2025-01-21,2025-04-23
CMP02138,ADV0230,Video Views,2024-07-01,2024-09-01
CMP02139,ADV0230,Conversions,2024-09-07,2025-01-28
CMP02140,ADV0230,Video Views,2025-02-03,2025-04-23
CMP02141,ADV0231,Traffic,2024-07-01,2024-10-07
CMP02142,ADV0231,Conversions,2024-10-12,2024-11-28
CMP02143,ADV0231,Conversions,2024-07-01,2024-07-31
CMP02144,ADV0231,Video Views,2024-08-08,2024-11-28
CMP02145,ADV0231,Conversions,2024-07-01,2024-10-20
CMP02146,ADV0231,Reach,2024-11-01,2024-11-28
CMP02147,ADV0232,Conversions,2024-07-01,2024-08-23
CMP02148,ADV0232,App Installs,2024-09-08,2025-01-23
CMP02149,ADV0232,Traffic,2025-01-27,2025-04-10
CMP02150,ADV0232,Conversions,2025-04-16,2025-07-25
CMP02151,ADV0232,Conversions,2025-08-02,2025-10-24
CMP02152,ADV0232,Conversions,2025-10-28,2025-12-31
CMP02153,ADV0233,Conversions,2024-07-04,2024-10-30
CMP02154,ADV0233,Conversions,2024-11-06,2025-02-13
CMP02155,ADV0233,App Installs,2025-02-20,2025-06-20
CMP02156,ADV0233,Conversions,2025-07-03,2025-11-19
CMP02157,ADV0233,App Installs,2025-11-21,2025-12-31
CMP02158,ADV0233,Conversions,2024-07-13,2024-12-21
CMP02159,ADV0233,Conversions,2025-01-02,2025-03-03
CMP02160,ADV0233,Conversions,2025-03-20,2025-07-25
CMP02161,ADV0233,Conversions,2025-08-04,2025-12-04
CMP02162,ADV0233,Conversions,2025-12-19,2025-12-31
CMP02163,ADV0234,Conversions,2024-07-01,2024-09-16
CMP02164,ADV0234,Traffic,2024-10-02,2024-11-28
CMP02165,ADV0235,Traffic,2024-07-01,2024-08-04
CMP02166,ADV0235,App Installs,2024-08-06,2024-11-05
CMP02167,ADV0235,Conversions,2024-11-07,2025-03-19
CMP02168,ADV0235,Reach,2025-03-19,2025-06-11
CMP02169,ADV0236,Video Views,2024-07-01,2024-07-14
CMP02170,ADV0236,App Installs,2024-07-24,2024-11-16
CMP02171,ADV0236,App Installs,2024-11-26,2025-02-08
CMP02172,ADV0236,Conversions,2025-02-18,2025-04-15
CMP02173,ADV0236,Conversions,2025-04-19,2025-06-21
CMP02174,ADV0236,Conversions,2025-06-25,2025-09-12
CMP02175,ADV0236,Conversions,2025-09-26,2025-12-31
CMP02176,ADV0236,Conversions,2024-07-01,2024-07-15
CMP02177,ADV0236,Video Views,2024-07-17,2024-09-12
CMP02178,ADV0236,Conversions,2024-09-24,2025-01-07
CMP02179,ADV0236,Conversions,2025-01-16,2025-05-27
CMP02180,ADV0236,Conversions,2025-06-10,2025-10-06
CMP02181,ADV0236,Conversions,2025-10-14,2025-12-31
CMP02182,ADV0237,Video Views,2024-07-01,2024-07-30
CMP02183,ADV0237,Conversions,2024-08-03,2024-11-04
CMP02184,ADV0237,Traffic,2024-11-18,2025-01-15
CMP02185,ADV0237,Conversions,2025-01-29,2025-06-14
CMP02186,ADV0237,Video Views,2025-06-22,2025-10-25
CMP02187,ADV0237,Conversions,2025-10-31,2025-12-31
CMP02188,ADV0238,Conversions,2024-07-01,2024-07-31
CMP02189,ADV0239,Reach,2024-07-01,2024-10-14
CMP02190,ADV0239,Conversions,2024-10-31,2025-01-06
CMP02191,ADV0239,Conversions,2025-01-17,2025-03-24
CMP02192,ADV0239,Conversions,2025-04-10,2025-06-03
CMP02193,ADV0239,App Installs,2025-06-06,2025-09-08
CMP02194,ADV0239,Traffic,2025-09-25,2025-12-31
CMP02195,ADV0239,App Installs,2024-07-01,2024-08-19
CMP02196,ADV0239,App Installs,2024-09-05,2024-10-29
CMP02197,ADV0239,Traffic,2024-11-15,2025-03-27
CMP02198,ADV0239,Traffic,2025-04-01,2025-08-26
CMP02199,ADV0239,App Installs,2025-09-04,2025-12-29
CMP02200,ADV0239,App Installs,2024-07-01,2024-07-17
CMP02201,ADV0239,Conversions,2024-07-29,2024-09-21
CMP02202,ADV0239,Conversions,2024-10-08,2024-11-30
CMP02203,ADV0239,Conversions,2024-12-17,2025-05-08
CMP02204,ADV0239,Traffic,2025-05-09,2025-10-09
CMP02205,ADV0239,Reach,2025-10-10,2025-11-27
CMP02206,ADV0239,Reach,2025-12-03,2025-12-31
CMP02207,ADV0240,Traffic,2024-07-01,2024-07-15
CMP02208,ADV0240,Video Views,2024-07-01,2024-07-31
CMP02209,ADV0241,App Installs,2024-07-08,2024-11-14
CMP02210,ADV0241,App Installs,2024-12-01,2025-01-24
CMP02211,ADV0241,Conversions,2025-01-24,2025-04-27
CMP02212,ADV0241,Conversions,2024-07-01,2024-08-16
CMP02213,ADV0241,Conversions,2024-08-20,2024-11-24
CMP02214,ADV0241,Video Views,2024-12-01,2025-03-14
CMP02215,ADV0241,Conversions,2025-03-21,2025-04-27
CMP02216,ADV0242,Conversions,2024-07-01,2024-09-03
CMP02217,ADV0242,Conversions,2024-09-18,2024-11-27
CMP02218,ADV0242,Conversions,2024-12-07,2025-03-09
CMP02219,ADV0242,Conversions,2024-07-01,2024-08-24
CMP02220,ADV0242,App Installs,2024-09-03,2024-11-30
CMP02221,ADV0242,Reach,2024-12-07,2025-03-09
CMP02222,ADV0243,Conversions,2024-07-01,2024-10-13
CMP02223,ADV0243,Conversions,2024-10-28,2024-11-28
CMP02224,ADV0244,Video Views,2024-07-06,2024-11-13
CMP02225,ADV0244,Conversions,2024-11-21,2025-02-11
CMP02226,ADV0244,Video Views,2025-02-18,2025-07-02
CMP02227,ADV0244,Traffic,2025-07-09,2025-08-05
CMP02228,ADV0244,Traffic,2024-07-01,2024-09-02
CMP02229,ADV0244,Conversions,2024-09-19,2025-02-24
CMP02230,ADV0244,Traffic,2025-02-28,2025-07-23
CMP02231,ADV0244,Traffic,2025-07-28,2025-08-05
CMP02232,ADV0245,App Installs,2024-07-01,2024-08-14
CMP02233,ADV0245,Traffic,2024-08-29,2025-02-09
CMP02234,ADV0245,App Installs,2025-02-18,2025-06-16
CMP02235,ADV0245,Conversions,2025-06-27,2025-08-28
CMP02236,ADV0245,Traffic,2024-07-01,2024-07-19
CMP02237,ADV0245,Conversions,2024-08-04,2024-11-19
CMP02238,ADV0245,Reach,2024-11-19,2025-04-08
CMP02239,ADV0245,Conversions,2025-04-19,2025-06-23
CMP02240,ADV0245,Conversions,2025-06-29,2025-08-28
CMP02241,ADV0246,Traffic,2024-07-01,2024-09-20
CMP02242,ADV0246,Conversions,2024-09-29,2024-12-03
CMP02243,ADV0246,Conversions,2024-12-08,2025-02-06
CMP02244,ADV0246,Traffic,2025-02-09,2025-04-22
CMP02245,ADV0246,Conversions,2025-05-04,2025-09-16
CMP02246,ADV0246,Reach,2025-09-26,2025-11-01
CMP02247,ADV0246,Video Views,2024-07-01,2024-07-27
CMP02248,ADV0246,Conversions,2024-08-10,2024-11-06
CMP02249,ADV0246,App Installs,2024-11-14,2025-03-30
CMP02250,ADV0246,App Installs,2025-04-16,2025-07-23
CMP02251,ADV0246,Conversions,2025-07-28,2025-11-01
CMP02252,ADV0246,Traffic,2024-07-01,2024-08-06
CMP02253,ADV0246,Video Views,2024-08-09,2025-01-06
CMP02254,ADV0246,Video Views,2025-01-06,2025-02-25
CMP02255,ADV0246,Conversions,2025-03-10,2025-08-07
CMP02256,ADV0246,Conversions,2025-08-21,2025-11-01
CMP02257,ADV0247,Conversions,2024-07-01,2024-11-13
CMP02258,ADV0247,Conversions,2024-11-29,2025-01-19
CMP02259,ADV0247,Conversions,2025-01-19,2025-04-27
CMP02260,ADV0247,App Installs,2025-05-11,2025-09-20
CMP02261,ADV0247,Reach,2025-09-30,2025-12-14
CMP02262,ADV0247,Video Views,2024-07-01,2024-10-19
CMP02263,ADV0247,App Installs,2024-10-25,2025-04-02
CMP02264,ADV0247,App Installs,2025-04-13,2025-06-05
CMP02265,ADV0247,Conversions,2025-06-10,2025-10-15
CMP02266,ADV0247,App Installs,2025-11-01,2025-12-22
CMP02267,ADV0248,App Installs,2024-07-09,2024-08-30
CMP02268,ADV0249,Conversions,2024-07-01,2024-07-18
CMP02269,ADV0249,Video Views,2024-07-24,2024-12-06
CMP02270,ADV0249,Video Views,2024-12-12,2025-02-26
CMP02271,ADV0249,Conversions,2024-07-01,2024-07-18
CMP02272,ADV0249,Conversions,2024-07-22,2024-11-13
CMP02273,ADV0249,Conversions,2024-11-16,2025-01-11
CMP02274,ADV0249,App Installs,2025-01-26,2025-02-26
CMP02275,ADV0250,Conversions,2024-07-01,2024-11-25
CMP02276,ADV0250,Reach,2024-12-11,2025-02-22
CMP02277,ADV0250,Conversions,2025-03-01,2025-05-12
CMP02278,ADV0250,Conversions,2025-05-13,2025-07-30
CMP02279,ADV0250,Traffic,2024-07-01,2024-08-23
CMP02280,ADV0250,Traffic,2024-08-27,2025-01-21
CMP02281,ADV0250,Conversions,2025-02-04,2025-07-15
CMP02282,ADV0250,Conversions,2025-07-23,2025-07-30
CMP02283,ADV0251,Reach,2024-07-01,2024-08-05
CMP02284,ADV0251,Conversions,2024-08-12,2025-01-13
CMP02285,ADV0251,Video Views,2025-01-27,2025-05-10
CMP02286,ADV0251,Conversions,2025-05-11,2025-05-27
CMP02287,ADV0252,Conversions,2024-07-01,2024-08-01
CMP02288,ADV0252,Conversions,2024-08-10,2024-12-07
CMP02289,ADV0252,Conversions,2024-12-15,2025-02-18
CMP02290,ADV0252,Conversions,2025-02-22,2025-07-27
CMP02291,ADV0252,Reach,2025-08-03,2025-11-09
CMP02292,ADV0252,App Installs,2024-07-01,2024-09-29
CMP02293,ADV0252,Conversions,2024-10-02,2025-02-15
CMP02294,ADV0252,Conversions,2025-02-19,2025-05-18
CMP02295,ADV0252,Traffic,2025-06-01,2025-08-15
CMP02296,ADV0252,Conversions,2025-08-15,2025-11-09
CMP02297,ADV0253,Conversions,2024-07-01,2024-08-05
CMP02298,ADV0253,Conversions,2024-08-08,2024-12-20
CMP02299,ADV0253,Traffic,2024-12-21,2025-04-03
CMP02300,ADV0253,Conversions,2025-04-04,2025-05-19
CMP02301,ADV0253,Video Views,2025-05-29,2025-10-20
CMP02302,ADV0253,Conversions,2025-10-23,2025-11-11
CMP02303,ADV0253,Conversions,2024-07-01,2024-08-04
CMP02304,ADV0253,Conversions,2024-08-10,2024-12-29
CMP02305,ADV0253,Conversions,2025-01-10,2025-05-26
CMP02306,ADV0253,App Installs,2025-06-07,2025-09-30
CMP02307,ADV0253,Conversions,2025-10-14,2025-11-11
CMP02308,ADV0254,Conversions,2024-07-01,2024-09-09
CMP02309,ADV0254,Conversions,2024-09-09,2024-11-20
CMP02310,ADV0254,Traffic,2024-11-24,2025-01-14
CMP02311,ADV0254,App Installs,2025-01-17,2025-04-01
CMP02312,ADV0254,Conversions,2025-04-14,2025-08-30
CMP02313,ADV0254,Conversions,2025-09-09,2025-12-31
CMP02314,ADV0254,Conversions,2024-07-01,2024-07-18
CMP02315,ADV0254,Conversions,2024-08-01,2024-12-12
CMP02316,ADV0254,Conversions,2024-12-15,2025-03-21
CMP02317,ADV0254,Conversions,2025-03-27,2025-08-15
CMP02318,ADV0254,Video Views,2025-08-19,2025-10-15
CMP02319,ADV0254,Conversions,2025-10-30,2025-12-28
CMP02320,ADV0254,Reach,2024-07-01,2024-08-08
CMP02321,ADV0254,Conversions,2024-08-21,2024-11-22
CMP02322,ADV0254,Conversions,2024-11-27,2025-04-11
CMP02323,ADV0254,Traffic,2025-04-21,2025-07-21
CMP02324,ADV0254,Video Views,2025-07-22,2025-09-27
CMP02325,ADV0254,Traffic,2025-10-04,2025-12-31
CMP02326,ADV0255,Video Views,2024-07-01,2024-08-09
CMP02327,ADV0255,Traffic,2024-08-14,2024-12-28
CMP02328,ADV0255,Conversions,2024-12-28,2025-04-19
CMP02329,ADV0255,Video Views,2025-04-24,2025-08-06
CMP02330,ADV0255,Conversions,2025-08-20,2025-12-04
CMP02331,ADV0255,Reach,2025-12-13,2025-12-31
CMP02332,ADV0256,Video Views,2024-07-01,2024-07-31
CMP02333,ADV0256,App Installs,2024-07-19,2024-07-31
CMP02334,ADV0257,Conversions,2024-07-01,2024-10-09
CMP02335,ADV0257,Reach,2024-10-11,2025-02-16
CMP02336,ADV0257,App Installs,2025-03-03,2025-06-23
CMP02337,ADV0257,App Installs,2025-06-27,2025-09-06
CMP02338,ADV0257,Conversions,2025-09-18,2025-11-04
CMP02339,ADV0257,Conversions,2024-07-01,2024-11-26
CMP02340,ADV0257,Reach,2024-12-08,2025-02-08
CMP02341,ADV0257,App Installs,2025-02-10,2025-05-22
CMP02342,ADV0257,App Installs,2025-06-05,2025-08-16
CMP02343,ADV0257,Conversions,2025-08-30,2025-11-04
CMP02344,ADV0257,Conversions,2024-07-01,2024-08-12
CMP02345,ADV0257,App Installs,2024-08-19,2024-12-15
CMP02346,ADV0257,Traffic,2024-12-15,2025-02-22
CMP02347,ADV0257,Conversions,2025-02-24,2025-06-23
CMP02348,ADV0257,Conversions,2025-06-29,2025-10-30
CMP02349,ADV0258,Conversions,2024-07-01,2024-08-09
CMP02350,ADV0258,Reach,2024-08-17,2025-01-04
CMP02351,ADV0258,Conversions,2025-01-19,2025-03-14
CMP02352,ADV0258,Traffic,2025-03-26,2025-06-14
CMP02353,ADV0258,Conversions,2025-06-22,2025-10-09
CMP02354,ADV0258,Conversions,2025-10-24,2025-12-31
CMP02355,ADV0258,Traffic,2024-07-01,2024-07-20
CMP02356,ADV0258,Conversions,2024-08-06,2024-11-11
CMP02357,ADV0258,Conversions,2024-11-22,2025-04-14
CMP02358,ADV0258,App Installs,2025-04-22,2025-06-15
CMP02359,ADV0258,Reach,2025-06-24,2025-11-26
CMP02360,ADV0258,App Installs,2025-11-30,2025-12-31
CMP02361,ADV0259,App Installs,2024-07-01,2024-08-17
CMP02362,ADV0259,Conversions,2024-08-31,2024-09-29
CMP02363,ADV0260,Reach,2024-07-01,2024-10-04
CMP02364,ADV0260,Conversions,2024-10-17,2025-01-08
CMP02365,ADV0260,Video Views,2025-01-15,2025-04-26
CMP02366,ADV0260,Video Views,2025-05-02,2025-08-09
CMP02367,ADV0260,Video Views,2025-08-11,2025-11-05
CMP02368,ADV0260,Reach,2025-11-21,2025-12-31
CMP02369,ADV0260,Conversions,2024-07-01,2024-07-21
CMP02370,ADV0260,Conversions,2024-08-05,2024-12-17
CMP02371,ADV0260,Traffic,2024-12-23,2025-02-20
CMP02372,ADV0260,Reach,2025-02-22,2025-06-25
CMP02373,ADV0260,Traffic,2025-07-08,2025-12-01
CMP02374,ADV0260,Video Views,2025-12-18,2025-12-31
CMP02375,ADV0260,App Installs,2024-07-01,2024-09-01
CMP02376,ADV0260,App Installs,2024-09-18,2024-12-30
CMP02377,ADV0260,Reach,2025-01-02,2025-05-31
CMP02378,ADV0260,App Installs,2025-06-07,2025-08-25
CMP02379,ADV0260,Conversions,2025-09-01,2025-11-28
CMP02380,ADV0260,Conversions,2025-12-08,2025-12-31
CMP02381,ADV0261,App Installs,2024-07-01,2024-07-09
CMP02382,ADV0261,Traffic,2024-07-17,2024-10-30
CMP02383,ADV0261,Conversions,2024-11-14,2025-03-09
CMP02384,ADV0261,Conversions,2025-03-19,2025-07-13
CMP02385,ADV0261,Reach,2025-07-29,2025-12-31
CMP02386,ADV0261,App Installs,2024-07-01,2024-07-29
CMP02387,ADV0261,Conversions,2024-08-12,2024-12-19
CMP02388,ADV0261,App Installs,2024-12-26,2025-05-18
CMP02389,ADV0261,Conversions,2025-05-22,2025-08-30
CMP02390,ADV0261,Traffic,2025-09-16,2025-12-31
CMP02391,ADV0261,Conversions,2024-07-07,2024-09-26
CMP02392,ADV0261,Conversions,2024-10-07,2024-12-19
CMP02393,ADV0261,Video Views,2024-12-20,2025-05-11
CMP02394,ADV0261,Conversions,2025-05-27,2025-07-21
CMP02395,ADV0261,Conversions,2025-07-22,2025-12-18
CMP02396,ADV0261,App Installs,2025-12-19,2025-12-31
CMP02397,ADV0262,Conversions,2024-07-01,2024-08-24
CMP02398,ADV0262,Conversions,2024-08-29,2025-02-03
CMP02399,ADV0262,Conversions,2025-02-08,2025-05-03
CMP02400,ADV0263,App Installs,2024-07-01,2024-07-08
CMP02401,ADV0263,Conversions,2024-07-19,2024-12-18
CMP02402,ADV0263,Conversions,2024-12-29,2025-03-09
CMP02403,ADV0263,Video Views,2025-03-26,2025-07-17
CMP02404,ADV0263,Reach,2025-07-20,2025-11-02
CMP02405,ADV0263,App Installs,2025-11-16,2025-12-31
CMP02406,ADV0263,Conversions,2024-07-01,2024-09-11
CMP02407,ADV0263,Conversions,2024-09-15,2025-01-19
CMP02408,ADV0263,Traffic,2025-01-20,2025-05-30
CMP02409,ADV0263,App Installs,2025-06-13,2025-10-05
CMP02410,ADV0263,Video Views,2025-10-05,2025-12-31
CMP02411,ADV0264,Traffic,2024-07-01,2024-09-11
CMP02412,ADV0264,Traffic,2024-09-28,2025-02-20
CMP02413,ADV0264,Conversions,2025-03-04,2025-08-13
CMP02414,ADV0264,App Installs,2025-08-13,2025-12-31
CMP02415,ADV0264,Video Views,2024-07-01,2024-09-11
CMP02416,ADV0264,Traffic,2024-09-22,2025-01-02
CMP02417,ADV0264,Conversions,2025-01-06,2025-05-10
CMP02418,ADV0264,Conversions,2025-05-23,2025-09-04
CMP02419,ADV0264,Conversions,2025-09-07,2025-11-02
CMP02420,ADV0264,Conversions,2025-11-16,2025-12-31
CMP02421,ADV0264,Video Views,2024-07-03,2024-10-31
CMP02422,ADV0264,App Installs,2024-11-04,2025-02-16
CMP02423,ADV0264,Conversions,2025-02-17,2025-04-22
CMP02424,ADV0264,Conversions,2025-05-08,2025-10-19
CMP02425,ADV0264,App Installs,2025-10-19,2025-12-31
CMP02426,ADV0265,Conversions,2024-07-01,2024-07-26
CMP02427,ADV0265,App Installs,2024-07-30,2024-10-13
CMP02428,ADV0265,Conversions,2024-10-17,2024-12-07
CMP02429,ADV0266,Traffic,2024-07-01,2024-08-30
CMP02430,ADV0267,App Installs,2024-07-01,2024-08-10
CMP02431,ADV0267,Conversions,2024-08-19,2024-11-23
CMP02432,ADV0267,Conversions,2024-11-23,2025-03-22
CMP02433,ADV0267,Reach,2025-04-04,2025-05-26
CMP02434,ADV0267,Reach,2025-06-04,2025-08-27
CMP02435,ADV0267,Video Views,2025-09-12,2025-12-31
CMP02436,ADV0267,Reach,2024-07-01,2024-10-14
CMP02437,ADV0267,Conversions,2024-10-28,2025-03-11
CMP02438,ADV0267,App Installs,2025-03-15,2025-05-25
CMP02439,ADV0267,Conversions,2025-06-07,2025-09-01
CMP02440,ADV0267,Traffic,2025-09-04,2025-10-31
CMP02441,ADV0267,Traffic,2025-11-17,2025-12-31
CMP02442,ADV0268,Conversions,2024-07-01,2024-09-13
CMP02443,ADV0268,Traffic,2024-09-14,2025-02-09
CMP02444,ADV0268,Conversions,2025-02-25,2025-07-29
CMP02445,ADV0268,Traffic,2025-07-31,2025-09-29
CMP02446,ADV0268,Traffic,2024-07-01,2024-10-23
CMP02447,ADV0268,Conversions,2024-11-01,2025-01-20
CMP02448,ADV0268,Conversions,2025-02-02,2025-06-18
CMP02449,ADV0268,Conversions,2025-06-26,2025-09-29
CMP02450,ADV0269,Conversions,2024-07-01,2024-07-22
CMP02451,ADV0269,Conversions,2024-07-23,2024-11-22
CMP02452,ADV0269,Conversions,2024-11-26,2025-01-14
CMP02453,ADV0269,Conversions,2025-01-19,2025-05-08
CMP02454,ADV0269,Conversions,2025-05-17,2025-06-26
CMP02455,ADV0269,App Installs,2024-07-01,2024-08-24
CMP02456,ADV0269,Video Views,2024-09-05,2025-01-22
CMP02457,ADV0269,App Installs,2025-01-23,2025-04-11
CMP02458,ADV0269,Reach,2025-04-27,2025-06-26
CMP02459,ADV0270,Conversions,2024-07-01,2024-08-14
CMP02460,ADV0270,Conversions,2024-08-18,2024-12-26
CMP02461,ADV0270,Conversions,2024-12-26,2025-06-01
CMP02462,ADV0270,Video Views,2025-06-12,2025-11-08
CMP02463,ADV0270,Traffic,2025-11-19,2025-12-31
CMP02464,ADV0270,App Installs,2024-07-07,2024-12-14
CMP02465,ADV0270,Video Views,2024-12-22,2025-03-28
CMP02466,ADV0270,Conversions,2025-04-08,2025-08-27
CMP02467,ADV0270,App Installs,2025-09-03,2025-11-14
CMP02468,ADV0270,Traffic,2025-11-14,2025-12-31
CMP02469,ADV0271,Conversions,2024-07-01,2024-08-30
CMP02470,ADV0272,Conversions,2024-07-01,2024-08-05
CMP02471,ADV0272,Conversions,2024-08-22,2024-10-26
CMP02472,ADV0272,Conversions,2024-11-09,2025-01-13
CMP02473,ADV0272,Conversions,2025-01-29,2025-07-04
CMP02474,ADV0272,Traffic,2025-07-19,2025-12-16
CMP02475,ADV0272,Reach,2025-12-19,2025-12-31
CMP02476,ADV0272,Reach,2024-07-01,2024-09-15
CMP02477,ADV0272,Traffic,2024-09-22,2025-01-21
CMP02478,ADV0272,Conversions,2025-01-29,2025-06-06
CMP02479,ADV0272,Traffic,2025-06-16,2025-08-26
CMP02480,ADV0272,Conversions,2025-09-01,2025-12-31
CMP02481,ADV0273,Conversions,2024-07-01,2024-09-11
CMP02482,ADV0273,Conversions,2024-09-26,2024-12-25
CMP02483,ADV0273,Video Views,2025-01-04,2025-06-07
CMP02484,ADV0273,App Installs,2025-06-09,2025-09-24
CMP02485,ADV0273,Conversions,2024-07-01,2024-10-13
CMP02486,ADV0273,Conversions,2024-10-16,2024-12-13
CMP02487,ADV0273,App Installs,2024-12-30,2025-05-05
CMP02488,ADV0273,Traffic,2025-05-11,2025-09-24
CMP02489,ADV0274,Conversions,2024-07-01,2024-08-19
CMP02490,ADV0274,Conversions,2024-08-29,2024-10-30
CMP02491,ADV0274,App Installs,2024-10-30,2025-02-14
CMP02492,ADV0274,App Installs,2025-02-22,2025-05-27
CMP02493,ADV0274,Conversions,2025-05-27,2025-08-22
CMP02494,ADV0274,Video Views,2024-07-01,2024-08-04
CMP02495,ADV0274,App Installs,2024-08-04,2024-10-01
CMP02496,ADV0274,Conversions,2024-10-17,2024-12-02
CMP02497,ADV0274,Traffic,2024-12-08,2025-03-05
CMP02498,ADV0274,Conversions,2025-03-15,2025-05-21
CMP02499,ADV0274,App Installs,2025-05-30,2025-08-23
CMP02500,ADV0275,App Installs,2024-07-07,2024-11-15
CMP02501,ADV0275,Conversions,2024-11-21,2025-03-16
CMP02502,ADV0275,Conversions,2025-03-23,2025-06-03
CMP02503,ADV0275,Conversions,2025-06-07,2025-11-15
CMP02504,ADV0275,Traffic,2025-12-01,2025-12-31
CMP02505,ADV0275,App Installs,2024-07-01,2024-09-11
CMP02506,ADV0275,Traffic,2024-09-21,2024-11-08
CMP02507,ADV0275,Conversions,2024-11-19,2025-04-01
CMP02508,ADV0275,Conversions,2025-04-08,2025-09-15
CMP02509,ADV0275,Traffic,2025-09-16,2025-12-04
CMP02510,ADV0275,Conversions,2025-12-06,2025-12-31
CMP02511,ADV0276,App Installs,2024-07-01,2024-09-20
CMP02512,ADV0276,App Installs,2024-09-25,2025-03-07
CMP02513,ADV0276,Conversions,2025-03-12,2025-06-24
CMP02514,ADV0276,Conversions,2025-07-08,2025-11-30
CMP02515,ADV0276,Traffic,2025-11-30,2025-12-31
CMP02516,ADV0276,Conversions,2024-07-01,2024-10-29
CMP02517,ADV0276,Traffic,2024-11-11,2025-03-23
CMP02518,ADV0276,Traffic,2025-04-09,2025-05-24
CMP02519,ADV0276,Conversions,2025-06-08,2025-07-25
CMP02520,ADV0276,Conversions,2025-07-27,2025-12-29
CMP02521,ADV0277,Conversions,2024-07-01,2024-09-12
CMP02522,ADV0277,App Installs,2024-09-15,2024-09-29
CMP02523,ADV0277,Traffic,2024-07-01,2024-09-29
CMP02524,ADV0278,Video Views,2024-07-01,2024-07-29
CMP02525,ADV0278,Conversions,2024-08-14,2024-11-25
CMP02526,ADV0278,Conversions,2024-11-27,2025-04-06
CMP02527,ADV0278,Traffic,2025-04-08,2025-07-19
CMP02528,ADV0278,Reach,2025-07-25,2025-10-01
CMP02529,ADV0278,App Installs,2025-10-05,2025-12-11
CMP02530,ADV0278,App Installs,2025-12-21,2025-12-31
CMP02531,ADV0278,Video Views,2024-07-01,2024-08-23
CMP02532,ADV0278,Conversions,2024-08-28,2024-12-05
CMP02533,ADV0278,Conversions,2024-12-14,2025-05-20
CMP02534,ADV0278,Conversions,2025-05-23,2025-09-14
CMP02535,ADV0278,Conversions,2025-09-25,2025-12-11
CMP02536,ADV0278,Conversions,2025-12-13,2025-12-31
CMP02537,ADV0278,Reach,2024-07-01,2024-09-19
CMP02538,ADV0278,Conversions,2024-09-23,2025-02-23
CMP02539,ADV0278,App Installs,2025-03-04,2025-06-05
CMP02540,ADV0278,Traffic,2025-06-20,2025-08-14
CMP02541,ADV0278,App Installs,2025-08-30,2025-10-24
CMP02542,ADV0278,Conversions,2025-10-26,2025-12-16
CMP02543,ADV0278,Conversions,2025-12-22,2025-12-31
CMP02544,ADV0278,App Installs,2024-07-09,2024-09-24
CMP02545,ADV0278,Traffic,2024-09-29,2025-02-07
CMP02546,ADV0278,Conversions,2025-02-14,2025-07-11
CMP02547,ADV0278,Conversions,2025-07-13,2025-10-29
CMP02548,ADV0278,App Installs,2025-11-12,2025-12-31
CMP02549,ADV0278,Conversions,2024-07-21,2024-09-22
CMP02550,ADV0278,Video Views,2024-10-04,2024-11-20
CMP02551,ADV0278,Video Views,2024-11-30,2025-02-07
CMP02552,ADV0278,Traffic,2025-02-22,2025-07-01
CMP02553,ADV0278,App Installs,2025-07-10,2025-11-24
CMP02554,ADV0278,Video Views,2025-11-26,2025-12-31
CMP02555,ADV0279,Reach,2024-07-01,2024-08-16
CMP02556,ADV0279,Traffic,2024-08-26,2024-11-28
CMP02557,ADV0279,Conversions,2024-07-01,2024-10-01
CMP02558,ADV0279,Conversions,2024-10-10,2024-11-28
CMP02559,ADV0280,Traffic,2024-07-01,2024-11-26
CMP02560,ADV0280,Conversions,2024-12-06,2025-02-12
CMP02561,ADV0280,Reach,2025-02-13,2025-05-02
CMP02562,ADV0281,Conversions,2024-07-01,2024-10-24
CMP02563,ADV0281,Traffic,2024-11-04,2024-12-28
CMP02564,ADV0281,Video Views,2025-01-08,2025-06-04
CMP02565,ADV0281,Conversions,2025-06-21,2025-07-26
CMP02566,ADV0281,Video Views,2024-07-01,2024-09-15
CMP02567,ADV0281,Traffic,2024-09-26,2024-11-27
CMP02568,ADV0281,Conversions,2024-12-09,2025-05-22
CMP02569,ADV0281,Traffic,2025-05-31,2025-07-26
CMP02570,ADV0281,Conversions,2024-07-01,2024-07-08
CMP02571,ADV0281,Traffic,2024-07-13,2024-08-28
CMP02572,ADV0281,Video Views,2024-09-08,2024-12-11
CMP02573,ADV0281,Conversions,2024-12-21,2025-05-19
CMP02574,ADV0281,Video Views,2025-06-02,2025-07-26
CMP02575,ADV0281,Traffic,2024-07-01,2024-12-03
CMP02576,ADV0281,Reach,2024-12-17,2025-03-23
CMP02577,ADV0281,Conversions,2025-04-09,2025-07-26
CMP02578,ADV0281,Video Views,2024-07-01,2024-10-05
CMP02579,ADV0281,Conversions,2024-10-16,2025-01-23
CMP02580,ADV0281,App Installs,2025-01-27,2025-06-30
CMP02581,ADV0281,Conversions,2025-07-14,2025-07-26
CMP02582,ADV0282,Conversions,2024-07-01,2024-09-22
CMP02583,ADV0282,Video Views,2024-10-07,2025-02-18
CMP02584,ADV0282,Conversions,2025-03-06,2025-08-04
CMP02585,ADV0282,Conversions,2025-08-15,2025-10-20
CMP02586,ADV0282,Conversions,2025-10-26,2025-12-31
CMP02587,ADV0282,Conversions,2024-07-14,2024-10-24
CMP02588,ADV0282,Conversions,2024-11-02,2025-01-26
CMP02589,ADV0282,Reach,2025-02-08,2025-03-26
CMP02590,ADV0282,Conversions,2025-04-11,2025-06-07
CMP02591,ADV0282,Conversions,2025-06-19,2025-10-12
CMP02592,ADV0282,Video Views,2025-10-12,2025-12-31
CMP02593,ADV0282,Conversions,2024-07-13,2024-10-18
CMP02594,ADV0282,App Installs,2024-10-31,2025-01-08
CMP02595,ADV0282,Conversions,2025-01-16,2025-06-11
CMP02596,ADV0282,Traffic,2025-06-13,2025-10-17
CMP02597,ADV0282,Reach,2025-10-28,2025-12-31
CMP02598,ADV0282,Conversions,2024-07-06,2024-10-29
CMP02599,ADV0282,Conversions,2024-11-02,2025-03-08
CMP02600,ADV0282,App Installs,2025-03-24,2025-08-25
CMP02601,ADV0282,Traffic,2025-09-08,2025-12-05
CMP02602,ADV0282,Conversions,2025-12-09,2025-12-31
CMP02603,ADV0283,Conversions,2024-07-01,2024-08-15
CMP02604,ADV0283,App Installs,2024-08-21,2024-10-17
CMP02605,ADV0283,Traffic,2024-10-24,2025-03-11
CMP02606,ADV0283,App Installs,2025-03-12,2025-05-24
CMP02607,ADV0283,Conversions,2025-05-25,2025-09-04
CMP02608,ADV0283,Conversions,2025-09-14,2025-11-27
CMP02609,ADV0284,App Installs,2024-07-09,2024-11-06
CMP02610,ADV0284,Video Views,2024-11-15,2025-02-24
CMP02611,ADV0284,Conversions,2025-03-02,2025-06-13
CMP02612,ADV0284,Traffic,2025-06-19,2025-11-13
CMP02613,ADV0284,Conversions,2025-11-21,2025-12-31
CMP02614,ADV0284,Conversions,2024-07-01,2024-07-24
CMP02615,ADV0284,Conversions,2024-08-08,2024-12-17
CMP02616,ADV0284,Traffic,2025-01-02,2025-06-08
CMP02617,ADV0284,App Installs,2025-06-17,2025-09-01
CMP02618,ADV0284,Video Views,2025-09-11,2025-12-03
CMP02619,ADV0284,Conversions,2025-12-10,2025-12-31
CMP02620,ADV0284,App Installs,2024-07-01,2024-09-29
CMP02621,ADV0284,Traffic,2024-10-01,2025-03-14
CMP02622,ADV0284,Video Views,2025-03-25,2025-07-11
CMP02623,ADV0284,App Installs,2025-07-11,2025-12-10
CMP02624,ADV0285,App Installs,2024-07-01,2024-08-03
CMP02625,ADV0285,Conversions,2024-08-15,2024-10-22
CMP02626,ADV0285,Video Views,2024-11-02,2024-12-03
CMP02627,ADV0285,Conversions,2024-07-01,2024-08-18
CMP02628,ADV0285,Conversions,2024-08-23,2024-11-29
CMP02629,ADV0286,Conversions,2024-07-06,2024-08-31
CMP02630,ADV0286,Traffic,2024-08-31,2025-01-27
CMP02631,ADV0286,Video Views,2025-02-12,2025-07-20
CMP02632,ADV0286,App Installs,2025-07-20,2025-09-06
CMP02633,ADV0286,Video Views,2025-09-10,2025-12-26
CMP02634,ADV0286,Conversions,2024-07-01,2024-08-03
CMP02635,ADV0286,App Installs,2024-08-20,2024-10-30
CMP02636,ADV0286,Conversions,2024-10-31,2024-12-28
CMP02637,ADV0286,Conversions,2024-12-28,2025-03-26
CMP02638,ADV0286,Video Views,2025-03-30,2025-06-17
CMP02639,ADV0286,Video Views,2025-07-02,2025-10-20
CMP02640,ADV0286,Conversions,2025-10-28,2025-12-31
CMP02641,ADV0286,Video Views,2024-07-01,2024-07-08
CMP02642,ADV0286,Conversions,2024-07-14,2024-09-02
CMP02643,ADV0286,Video Views,2024-09-10,2025-01-02
CMP02644,ADV0286,Conversions,2025-01-14,2025-06-24
CMP02645,ADV0286,App Installs,2025-06-29,2025-08-17
CMP02646,ADV0286,Traffic,2025-08-25,2025-11-25
CMP02647,ADV0286,Traffic,2025-11-26,2025-12-31
CMP02648,ADV0286,Conversions,2024-07-01,2024-07-29
CMP02649,ADV0286,Reach,2024-08-12,2024-11-05
CMP02650,ADV0286,Reach,2024-11-13,2025-03-12
CMP02651,ADV0286,Conversions,2025-03-29,2025-06-27
CMP02652,ADV0286,Traffic,2025-07-11,2025-09-07
CMP02653,ADV0286,Conversions,2025-09-21,2025-11-05
CMP02654,ADV0286,Reach,2025-11-12,2025-12-31
CMP02655,ADV0287,Conversions,2024-07-01,2024-10-16
CMP02656,ADV0287,Conversions,2024-10-23,2024-12-23
CMP02657,ADV0287,Video Views,2025-01-08,2025-04-02
CMP02658,ADV0287,Conversions,2025-04-16,2025-09-09
CMP02659,ADV0287,Traffic,2025-09-24,2025-12-31
CMP02660,ADV0287,Traffic,2024-07-01,2024-08-27
CMP02661,ADV0287,Conversions,2024-09-11,2024-11-22
CMP02662,ADV0287,Video Views,2024-12-02,2025-04-23
CMP02663,ADV0287,Conversions,2025-05-04,2025-09-22
CMP02664,ADV0287,Video Views,2025-09-23,2025-12-31
CMP02665,ADV0287,Conversions,2024-07-01,2024-07-13
CMP02666,ADV0287,Traffic,2024-07-30,2024-12-03
CMP02667,ADV0287,App Installs,2024-12-13,2025-01-29
CMP02668,ADV0287,Traffic,2025-02-13,2025-04-26
CMP02669,ADV0287,Conversions,2025-05-06,2025-08-20
CMP02670,ADV0287,App Installs,2025-08-24,2025-10-28
CMP02671,ADV0287,App Installs,2025-10-28,2025-12-31
CMP02672,ADV0287,Traffic,2024-07-01,2024-07-18
CMP02673,ADV0287,Conversions,2024-07-28,2024-11-29
CMP02674,ADV0287,Conversions,2024-12-08,2025-04-07
CMP02675,ADV0287,Video Views,2025-04-16,2025-09-16
CMP02676,ADV0287,App Installs,2025-09-28,2025-11-12
CMP02677,ADV0287,Conversions,2025-11-22,2025-12-31
CMP02678,ADV0287,Traffic,2024-07-01,2024-11-15
CMP02679,ADV0287,Conversions,2024-11-22,2025-02-05
CMP02680,ADV0287,Conversions,2025-02-06,2025-07-15
CMP02681,ADV0287,Video Views,2025-07-18,2025-11-05
CMP02682,ADV0287,Conversions,2025-11-05,2025-12-31
CMP02683,ADV0288,Conversions,2024-07-01,2024-11-27
CMP02684,ADV0288,Video Views,2024-12-14,2025-01-27
CMP02685,ADV0288,Conversions,2024-07-19,2024-09-18
CMP02686,ADV0288,Traffic,2024-09-30,2025-01-27
CMP02687,ADV0288,Conversions,2024-07-01,2024-10-09
CMP02688,ADV0288,Conversions,2024-10-15,2025-01-02
CMP02689,ADV0288,Traffic,2025-01-16,2025-01-27
CMP02690,ADV0289,Conversions,2024-07-01,2024-09-28
CMP02691,ADV0289,Traffic,2024-10-04,2025-02-11
CMP02692,ADV0289,Conversions,2025-02-12,2025-07-03
CMP02693,ADV0289,App Installs,2025-07-08,2025-10-01
CMP02694,ADV0289,Conversions,2025-10-06,2025-12-31
CMP02695,ADV0289,Conversions,2024-07-01,2024-11-07
CMP02696,ADV0289,Reach,2024-11-09,2025-04-02
CMP02697,ADV0289,Reach,2025-04-14,2025-09-18
CMP02698,ADV0289,Conversions,2025-09-18,2025-12-31
CMP02699,ADV0290,Reach,2024-07-01,2024-09-02
CMP02700,ADV0290,Traffic,2024-09-05,2024-09-29
CMP02701,ADV0290,Conversions,2024-07-01,2024-09-29
CMP02702,ADV0291,Conversions,2024-07-01,2024-08-01
CMP02703,ADV0291,Conversions,2024-08-02,2024-09-28
CMP02704,ADV0291,Conversions,2024-10-03,2025-01-10
CMP02705,ADV0292,Reach,2024-07-01,2024-08-06
CMP02706,ADV0292,Video Views,2024-08-15,2024-09-29
CMP02707,ADV0292,Video Views,2024-09-29,2025-02-01
CMP02708,ADV0292,Traffic,2025-02-08,2025-06-14
CMP02709,ADV0292,Video Views,2025-06-17,2025-09-12
CMP02710,ADV0292,Conversions,2025-09-27,2025-11-11
CMP02711,ADV0292,Conversions,2025-11-25,2025-12-31
CMP02712,ADV0292,App Installs,2024-07-01,2024-09-02
CMP02713,ADV0292,App Installs,2024-09-11,2024-12-29
CMP02714,ADV0292,App Installs,2024-12-29,2025-05-30
CMP02715,ADV0292,Conversions,2025-06-02,2025-08-15
CMP02716,ADV0292,App Installs,2025-08-29,2025-11-03
CMP02717,ADV0292,Conversions,2025-11-13,2025-12-31
CMP02718,ADV0293,Conversions,2024-07-01,2024-07-11
CMP02719,ADV0293,Conversions,2024-07-21,2024-12-28
CMP02720,ADV0293,Video Views,2024-12-31,2025-04-24
CMP02721,ADV0293,Conversions,2025-05-02,2025-09-24
CMP02722,ADV0293,Conversions,2024-07-01,2024-08-17
CMP02723,ADV0293,Conversions,2024-09-01,2024-10-20
CMP02724,ADV0293,Conversions,2024-11-04,2025-01-07
CMP02725,ADV0293,Traffic,2025-01-13,2025-06-02
CMP02726,ADV0293,Conversions,2025-06-12,2025-08-11
CMP02727,ADV0293,Reach,2025-08-23,2025-09-24
CMP02728,ADV0294,Video Views,2024-07-12,2024-11-02
CMP02729,ADV0294,Conversions,2024-11-19,2025-05-01
CMP02730,ADV0294,Conversions,2025-05-13,2025-07-08
CMP02731,ADV0294,Conversions,2025-07-12,2025-09-05
CMP02732,ADV0294,Conversions,2025-09-16,2025-12-20
CMP02733,ADV0294,Video Views,2024-07-01,2024-08-13
CMP02734,ADV0294,Conversions,2024-08-24,2024-11-16
CMP02735,ADV0294,Video Views,2024-11-17,2025-02-01
CMP02736,ADV0294,Traffic,2025-02-08,2025-04-10
CMP02737,ADV0294,App Installs,2025-04-18,2025-09-03
CMP02738,ADV0294,Reach,2025-09-15,2025-11-14
CMP02739,ADV0294,Video Views,2025-11-16,2025-12-31
CMP02740,ADV0294,Reach,2024-07-01,2024-07-23
CMP02741,ADV0294,App Installs,2024-07-24,2024-12-04
CMP02742,ADV0294,Reach,2024-12-16,2025-03-19
CMP02743,ADV0294,Video Views,2025-04-03,2025-07-08
CMP02744,ADV0294,App Installs,2025-07-23,2025-10-06
CMP02745,ADV0294,Video Views,2025-10-18,2025-12-31
CMP02746,ADV0295,Reach,2024-07-01,2024-10-02
CMP02747,ADV0295,Conversions,2024-10-14,2025-02-16
CMP02748,ADV0295,Traffic,2025-02-28,2025-07-13
CMP02749,ADV0295,App Installs,2025-07-13,2025-08-29
CMP02750,ADV0295,Conversions,2025-09-06,2025-11-12
CMP02751,ADV0295,Traffic,2024-07-14,2024-11-12
CMP02752,ADV0295,Reach,2024-11-17,2025-02-10
CMP02753,ADV0295,Reach,2025-02-12,2025-07-02
CMP02754,ADV0295,Reach,2025-07-06,2025-11-03
CMP02755,ADV0296,Conversions,2024-07-01,2024-07-25
CMP02756,ADV0296,App Installs,2024-07-25,2024-09-15
CMP02757,ADV0296,Video Views,2024-09-15,2024-09-29
CMP02758,ADV0296,Conversions,2024-07-01,2024-08-29
CMP02759,ADV0296,Video Views,2024-08-31,2024-09-29
CMP02760,ADV0297,Traffic,2024-07-01,2024-09-05
CMP02761,ADV0297,Video Views,2024-09-13,2024-12-31
CMP02762,ADV0297,Traffic,2025-01-15,2025-05-24
CMP02763,ADV0297,Traffic,2025-05-31,2025-06-26
CMP02764,ADV0297,App Installs,2024-07-01,2024-08-23
CMP02765,ADV0297,Video Views,2024-09-09,2025-02-18
CMP02766,ADV0297,Conversions,2025-02-27,2025-05-22
CMP02767,ADV0297,Conversions,2025-05-30,2025-06-26
CMP02768,ADV0297,Conversions,2024-07-01,2024-07-22
CMP02769,ADV0297,Traffic,2024-07-30,2024-11-25
CMP02770,ADV0297,App Installs,2024-11-26,2025-03-30
CMP02771,ADV0297,Video Views,2025-04-01,2025-06-26
CMP02772,ADV0298,Video Views,2024-07-01,2024-07-31
CMP02773,ADV0298,Conversions,2024-08-11,2024-10-02
CMP02774,ADV0298,Conversions,2024-10-07,2025-02-10
CMP02775,ADV0298,Video Views,2025-02-24,2025-06-12
CMP02776,ADV0298,Reach,2024-07-01,2024-08-24
CMP02777,ADV0298,Conversions,2024-09-09,2024-11-13
CMP02778,ADV0298,Traffic,2024-11-27,2025-05-01
CMP02779,ADV0298,Conversions,2025-05-10,2025-06-12
CMP02780,ADV0298,Traffic,2024-07-01,2024-07-14
CMP02781,ADV0298,Reach,2024-07-27,2024-10-19
CMP02782,ADV0298,Conversions,2024-11-05,2025-04-13
CMP02783,ADV0298,App Installs,2025-04-24,2025-06-12
CMP02784,ADV0299,Conversions,2024-07-13,2024-07-31
CMP02785,ADV0299,Conversions,2024-07-01,2024-07-11
CMP02786,ADV0299,Conversions,2024-07-12,2024-07-31
CMP02787,ADV0300,Conversions,2024-07-01,2024-11-13
CMP02788,ADV0300,Conversions,2024-11-22,2025-03-22
CMP02789,ADV0300,Traffic,2025-04-02,2025-06-16
CMP02790,ADV0301,Conversions,2024-07-19,2024-08-30
CMP02791,ADV0301,App Installs,2024-07-01,2024-08-30
CMP02792,ADV0301,Conversions,2024-07-01,2024-07-22
CMP02793,ADV0301,Conversions,2024-08-08,2024-08-30
CMP02794,ADV0302,Conversions,2024-07-01,2024-08-17
CMP02795,ADV0302,App Installs,2024-09-02,2024-12-09
CMP02796,ADV0302,Video Views,2024-12-14,2025-02-07
CMP02797,ADV0302,Traffic,2025-02-16,2025-07-03
CMP02798,ADV0302,Traffic,2025-07-17,2025-11-24
CMP02799,ADV0302,Traffic,2025-12-07,2025-12-31
CMP02800,ADV0302,Traffic,2024-07-01,2024-10-03
CMP02801,ADV0302,Conversions,2024-10-13,2025-02-02
CMP02802,ADV0302,Conversions,2025-02-09,2025-03-29
CMP02803,ADV0302,App Installs,2025-04-10,2025-07-27
CMP02804,ADV0302,Conversions,2025-08-06,2025-10-26
CMP02805,ADV0302,Traffic,2025-11-11,2025-12-31
CMP02806,ADV0302,Conversions,2024-07-01,2024-09-29
CMP02807,ADV0302,Video Views,2024-10-14,2025-03-11
CMP02808,ADV0302,Conversions,2025-03-20,2025-08-07
CMP02809,ADV0302,App Installs,2025-08-15,2025-10-04
CMP02810,ADV0302,Conversions,2025-10-12,2025-12-14
CMP02811,ADV0302,Conversions,2025-12-15,2025-12-31
CMP02812,ADV0302,Conversions,2024-07-01,2024-08-29
CMP02813,ADV0302,Conversions,2024-09-05,2025-02-07
CMP02814,ADV0302,Reach,2025-02-24,2025-04-26
CMP02815,ADV0302,Conversions,2025-04-30,2025-08-09
CMP02816,ADV0302,Conversions,2025-08-09,2025-11-25
CMP02817,ADV0302,Reach,2025-11-25,2025-12-31
CMP02818,ADV0303,Video Views,2024-07-01,2024-08-25
CMP02819,ADV0303,Conversions,2024-09-10,2024-12-20
CMP02820,ADV0304,App Installs,2024-07-03,2024-12-10
CMP02821,ADV0304,Conversions,2024-12-26,2025-03-14
CMP02822,ADV0304,Conversions,2025-03-30,2025-04-27
CMP02823,ADV0304,Conversions,2024-07-01,2024-10-24
CMP02824,ADV0304,Conversions,2024-11-03,2025-03-16
CMP02825,ADV0304,Conversions,2025-03-26,2025-04-27
CMP02826,ADV0305,App Installs,2024-07-01,2024-10-15
CMP02827,ADV0305,App Installs,2024-10-21,2025-02-19
CMP02828,ADV0305,Traffic,2025-03-05,2025-06-17
CMP02829,ADV0305,Video Views,2025-06-28,2025-08-20
CMP02830,ADV0305,Conversions,2025-08-24,2025-10-17
CMP02831,ADV0305,Conversions,2025-10-26,2025-12-31
CMP02832,ADV0305,Video Views,2024-07-01,2024-09-06
CMP02833,ADV0305,Conversions,2024-09-16,2024-12-28
CMP02834,ADV0305,Conversions,2025-01-07,2025-04-25
CMP02835,ADV0305,Conversions,2025-05-02,2025-07-20
CMP02836,ADV0305,Conversions,2025-07-20,2025-10-18
CMP02837,ADV0305,Conversions,2025-11-03,2025-12-31
CMP02838,ADV0305,Conversions,2024-07-01,2024-09-23
CMP02839,ADV0305,Conversions,2024-10-01,2025-03-07
CMP02840,ADV0305,Conversions,2025-03-15,2025-06-11
CMP02841,ADV0305,Conversions,2025-06-13,2025-09-19
CMP02842,ADV0305,Traffic,2025-09-23,2025-12-31
CMP02843,ADV0306,App Installs,2024-07-01,2024-08-01
CMP02844,ADV0306,Conversions,2024-08-14,2024-11-15
CMP02845,ADV0306,Traffic,2024-11-25,2025-02-12
CMP02846,ADV0306,Conversions,2025-02-25,2025-05-31
CMP02847,ADV0306,Reach,2025-06-09,2025-08-20
CMP02848,ADV0306,Video Views,2025-08-20,2025-11-09
CMP02849,ADV0306,App Installs,2025-11-10,2025-12-31
CMP02850,ADV0306,Video Views,2024-07-01,2024-10-13
CMP02851,ADV0306,Conversions,2024-10-18,2024-12-15
CMP02852,ADV0306,Conversions,2024-12-23,2025-02-26
CMP02853,ADV0306,Conversions,2025-02-28,2025-06-03
CMP02854,ADV0306,Traffic,2025-06-12,2025-09-24
CMP02855,ADV0306,Video Views,2025-09-27,2025-12-31
CMP02856,ADV0307,App Installs,2024-07-01,2024-07-20
CMP02857,ADV0307,Conversions,2024-07-26,2024-10-17
CMP02858,ADV0307,Traffic,2024-10-25,2025-01-24
CMP02859,ADV0307,Conversions,2025-02-01,2025-04-17
CMP02860,ADV0307,Conversions,2025-05-01,2025-09-03
CMP02861,ADV0307,Conversions,2025-09-12,2025-11-23
CMP02862,ADV0308,Traffic,2024-07-01,2024-07-09
CMP02863,ADV0308,App Installs,2024-07-12,2024-12-01
CMP02864,ADV0308,Conversions,2024-12-17,2025-03-22
CMP02865,ADV0308,Reach,2025-04-07,2025-07-09
CMP02866,ADV0308,Conversions,2025-07-21,2025-11-23
CMP02867,ADV0308,App Installs,2025-11-26,2025-12-31
CMP02868,ADV0308,Conversions,2024-07-01,2024-08-04
CMP02869,ADV0308,Conversions,2024-08-18,2024-10-06
CMP02870,ADV0308,Traffic,2024-10-16,2025-02-10
CMP02871,ADV0308,App Installs,2025-02-17,2025-07-09
CMP02872,ADV0308,Video Views,2025-07-23,2025-10-24
CMP02873,ADV0308,App Installs,2025-11-04,2025-12-31
CMP02874,ADV0309,Video Views,2024-07-01,2024-08-08
CMP02875,ADV0309,Conversions,2024-08-08,2025-01-05
CMP02876,ADV0309,Reach,2025-01-19,2025-03-28
CMP02877,ADV0309,Conversions,2025-04-10,2025-05-27
CMP02878,ADV0309,Reach,2024-07-01,2024-08-03
CMP02879,ADV0309,Video Views,2024-08-09,2024-11-16
CMP02880,ADV0309,App Installs,2024-11-21,2025-02-17
CMP02881,ADV0309,App Installs,2025-02-20,2025-05-27
CMP02882,ADV0310,Traffic,2024-07-02,2024-11-20
CMP02883,ADV0310,Traffic,2024-12-01,2025-01-30
CMP02884,ADV0310,Conversions,2025-02-13,2025-06-20
CMP02885,ADV0310,Conversions,2025-06-27,2025-08-12
CMP02886,ADV0310,Conversions,2025-08-15,2025-11-18
CMP02887,ADV0311,App Installs,2024-07-01,2024-08-09
CMP02888,ADV0311,Conversions,2024-08-19,2024-10-31
CMP02889,ADV0311,Reach,2024-11-05,2024-11-28
CMP02890,ADV0312,Conversions,2024-07-01,2024-07-12
CMP02891,ADV0312,App Installs,2024-07-17,2024-11-15
CMP02892,ADV0312,Conversions,2024-11-16,2025-04-26
CMP02893,ADV0312,Video Views,2025-05-06,2025-08-14
CMP02894,ADV0312,App Installs,2025-08-18,2025-12-31
CMP02895,ADV0312,Traffic,2024-07-01,2024-08-17
CMP02896,ADV0312,Conversions,2024-08-17,2024-12-12
CMP02897,ADV0312,Video Views,2024-12-20,2025-03-07
CMP02898,ADV0312,Reach,2025-03-07,2025-06-29
CMP02899,ADV0312,App Installs,2025-06-30,2025-08-20
CMP02900,ADV0312,Conversions,2025-08-30,2025-12-31
CMP02901,ADV0312,Traffic,2024-07-20,2024-12-31
CMP02902,ADV0312,Video Views,2025-01-03,2025-03-14
CMP02903,ADV0312,Conversions,2025-03-17,2025-06-18
CMP02904,ADV0312,Traffic,2025-06-29,2025-10-15
CMP02905,ADV0312,Reach,2025-11-01,2025-12-31
CMP02906,ADV0313,Video Views,2024-07-01,2024-10-30
CMP02907,ADV0313,Conversions,2024-11-13,2025-01-12
CMP02908,ADV0313,Conversions,2025-01-27,2025-03-27
CMP02909,ADV0313,Conversions,2025-03-30,2025-08-05
CMP02910,ADV0313,Conversions,2025-08-22,2025-12-31
CMP02911,ADV0313,Conversions,2024-07-01,2024-11-28
CMP02912,ADV0313,Traffic,2024-12-04,2025-02-08
CMP02913,ADV0313,Traffic,2025-02-23,2025-07-22
CMP02914,ADV0313,Video Views,2025-07-27,2025-10-29
CMP02915,ADV0313,Conversions,2025-11-09,2025-12-31
CMP02916,ADV0313,Conversions,2024-07-01,2024-07-24
CMP02917,ADV0313,Conversions,2024-08-07,2024-11-28
CMP02918,ADV0313,App Installs,2024-12-02,2025-01-26
CMP02919,ADV0313,Conversions,2025-02-10,2025-04-26
CMP02920,ADV0313,Video Views,2025-05-09,2025-09-23
CMP02921,ADV0313,Conversions,2025-09-27,2025-12-31
CMP02922,ADV0313,Conversions,2024-07-01,2024-08-12
CMP02923,ADV0313,Conversions,2024-08-27,2024-10-19
CMP02924,ADV0313,Video Views,2024-10-23,2025-03-01
CMP02925,ADV0313,Traffic,2025-03-18,2025-05-29
CMP02926,ADV0313,Traffic,2025-06-10,2025-11-11
CMP02927,ADV0313,Reach,2025-11-22,2025-12-31
CMP02928,ADV0314,Traffic,2024-07-01,2024-09-15
CMP02929,ADV0314,Video Views,2024-09-15,2025-01-30
CMP02930,ADV0314,Traffic,2025-02-13,2025-06-22
CMP02931,ADV0315,Conversions,2024-07-01,2024-09-01
CMP02932,ADV0315,Conversions,2024-09-13,2024-12-11
CMP02933,ADV0315,App Installs,2024-12-20,2025-05-14
CMP02934,ADV0315,Video Views,2025-05-28,2025-09-19
CMP02935,ADV0315,Conversions,2025-10-03,2025-12-07
CMP02936,ADV0315,App Installs,2025-12-23,2025-12-31
CMP02937,ADV0315,Reach,2024-07-01,2024-08-28
CMP02938,ADV0315,Traffic,2024-08-28,2024-12-11
CMP02939,ADV0315,Traffic,2024-12-22,2025-02-23
CMP02940,ADV0315,Video Views,2025-03-08,2025-07-27
CMP02941,ADV0315,App Installs,2025-08-10,2025-10-31
CMP02942,ADV0315,Traffic,2025-11-15,2025-12-31
CMP02943,ADV0316,Reach,2024-07-12,2024-09-21
CMP02944,ADV0316,Conversions,2024-10-07,2024-12-18
CMP02945,ADV0316,Video Views,2024-12-25,2025-05-09
CMP02946,ADV0316,Traffic,2025-05-16,2025-08-30
CMP02947,ADV0316,Traffic,2025-09-16,2025-12-31
CMP02948,ADV0316,App Installs,2024-07-01,2024-10-26
CMP02949,ADV0316,App Installs,2024-11-06,2025-01-19
CMP02950,ADV0316,Traffic,2025-01-21,2025-04-25
CMP02951,ADV0316,Video Views,2025-05-11,2025-09-26
CMP02952,ADV0316,Video Views,2025-10-06,2025-11-23
CMP02953,ADV0316,Traffic,2025-11-27,2025-12-31
CMP02954,ADV0317,App Installs,2024-07-01,2024-08-05
CMP02955,ADV0317,Conversions,2024-08-20,2024-08-30
CMP02956,ADV0318,Reach,2024-07-01,2024-07-23
CMP02957,ADV0318,Traffic,2024-07-24,2024-11-22
CMP02958,ADV0318,Traffic,2024-11-24,2025-04-22
CMP02959,ADV0318,Conversions,2025-05-08,2025-05-27
CMP02960,ADV0318,Conversions,2024-07-13,2024-09-04
CMP02961,ADV0318,Traffic,2024-09-09,2024-12-19
CMP02962,ADV0318,Conversions,2024-12-23,2025-03-20
CMP02963,ADV0318,Conversions,2025-03-23,2025-05-27
CMP02964,ADV0319,Conversions,2024-07-01,2024-07-09
CMP02965,ADV0319,Conversions,2024-07-11,2024-09-06
CMP02966,ADV0319,Video Views,2024-09-17,2024-11-11
CMP02967,ADV0319,App Installs,2024-11-16,2025-01-31
CMP02968,ADV0319,Video Views,2025-02-03,2025-03-24
CMP02969,ADV0319,Video Views,2025-04-03,2025-07-26
CMP02970,ADV0319,Conversions,2025-07-26,2025-11-25
CMP02971,ADV0319,Traffic,2025-12-01,2025-12-31
CMP02972,ADV0320,Video Views,2024-07-01,2024-08-01
CMP02973,ADV0320,Traffic,2024-08-04,2024-08-30
CMP02974,ADV0321,Traffic,2024-07-01,2024-11-01
CMP02975,ADV0321,Conversions,2024-11-02,2025-01-29
CMP02976,ADV0321,Video Views,2025-02-04,2025-04-03
CMP02977,ADV0321,Reach,2024-07-01,2024-07-30
CMP02978,ADV0321,Traffic,2024-08-13,2024-12-30
CMP02979,ADV0321,Conversions,2025-01-15,2025-04-03
CMP02980,ADV0322,Conversions,2024-07-01,2024-09-02
CMP02981,ADV0322,Conversions,2024-09-19,2024-12-31
CMP02982,ADV0322,Conversions,2025-01-01,2025-03-25
CMP02983,ADV0322,Conversions,2025-04-09,2025-09-06
CMP02984,ADV0322,Conversions,2025-09-22,2025-12-25
CMP02985,ADV0322,Conversions,2024-07-01,2024-11-19
CMP02986,ADV0322,Conversions,2024-12-05,2025-01-22
CMP02987,ADV0322,Conversions,2025-02-04,2025-06-03
CMP02988,ADV0322,Conversions,2025-06-03,2025-07-30
CMP02989,ADV0322,Video Views,2025-08-06,2025-12-08
CMP02990,ADV0322,Reach,2025-12-08,2025-12-31
CMP02991,ADV0322,Traffic,2024-07-01,2024-07-16
CMP02992,ADV0322,Conversions,2024-07-31,2024-11-03
CMP02993,ADV0322,Reach,2024-11-19,2025-02-14
CMP02994,ADV0322,Conversions,2025-02-26,2025-04-14
CMP02995,ADV0322,Conversions,2025-04-21,2025-07-01
CMP02996,ADV0322,Conversions,2025-07-14,2025-12-06
CMP02997,ADV0322,Traffic,2025-12-22,2025-12-31
CMP02998,ADV0323,Traffic,2024-07-01,2024-07-21
CMP02999,ADV0324,Conversions,2024-07-05,2024-07-31
CMP03000,ADV0325,Conversions,2024-07-01,2024-09-05
CMP03001,ADV0325,Conversions,2024-09-14,2024-12-16
CMP03002,ADV0325,Traffic,2024-12-18,2025-05-09
CMP03003,ADV0325,Conversions,2025-05-13,2025-07-30
CMP03004,ADV0325,Video Views,2025-08-07,2025-09-28
CMP03005,ADV0326,Conversions,2024-07-01,2024-08-13
CMP03006,ADV0326,App Installs,2024-08-14,2025-01-02
CMP03007,ADV0326,Conversions,2025-01-08,2025-03-11
CMP03008,ADV0326,Video Views,2025-03-13,2025-06-21
CMP03009,ADV0326,Traffic,2025-06-24,2025-10-07
CMP03010,ADV0326,Conversions,2025-10-16,2025-12-31
CMP03011,ADV0327,App Installs,2024-07-01,2024-08-18
CMP03012,ADV0327,Conversions,2024-07-01,2024-07-15
CMP03013,ADV0327,Conversions,2024-07-24,2024-08-30
CMP03014,ADV0328,Reach,2024-07-01,2024-11-08
CMP03015,ADV0328,Conversions,2024-11-21,2025-01-28
CMP03016,ADV0328,Traffic,2025-01-28,2025-04-18
CMP03017,ADV0328,App Installs,2024-07-11,2024-11-21
CMP03018,ADV0328,Video Views,2024-11-25,2025-02-20
CMP03019,ADV0328,Conversions,2025-02-21,2025-04-16
CMP03020,ADV0328,Video Views,2025-04-20,2025-05-01
CMP03021,ADV0329,Conversions,2024-07-01,2024-09-08
CMP03022,ADV0329,Video Views,2024-09-15,2025-01-06
CMP03023,ADV0329,Conversions,2025-01-17,2025-03-13
CMP03024,ADV0329,Reach,2025-03-21,2025-07-13
CMP03025,ADV0330,Conversions,2024-07-01,2024-10-10
CMP03026,ADV0330,Reach,2024-10-15,2024-12-28
CMP03027,ADV0331,Video Views,2024-07-01,2024-08-28
CMP03028,ADV0331,Conversions,2024-09-08,2025-01-09
CMP03029,ADV0331,Conversions,2025-01-23,2025-05-05
CMP03030,ADV0331,App Installs,2025-05-16,2025-07-17
CMP03031,ADV0331,Reach,2025-08-02,2025-11-26
CMP03032,ADV0331,App Installs,2025-12-01,2025-12-31
CMP03033,ADV0331,Conversions,2024-07-01,2024-10-25
CMP03034,ADV0331,App Installs,2024-11-07,2025-01-01
CMP03035,ADV0331,Video Views,2025-01-10,2025-05-29
CMP03036,ADV0331,Video Views,2025-06-08,2025-09-15
CMP03037,ADV0331,Traffic,2025-09-21,2025-12-02
CMP03038,ADV0331,Traffic,2025-12-13,2025-12-31
CMP03039,ADV0331,Traffic,2024-07-01,2024-09-25
CMP03040,ADV0331,App Installs,2024-10-06,2025-01-17
CMP03041,ADV0331,App Installs,2025-01-27,2025-04-11
CMP03042,ADV0331,Conversions,2025-04-19,2025-07-21
CMP03043,ADV0331,Reach,2025-08-02,2025-10-24
CMP03044,ADV0331,Conversions,2025-11-10,2025-12-31
CMP03045,ADV0331,Video Views,2024-07-01,2024-09-04
CMP03046,ADV0331,Video Views,2024-09-10,2024-10-30
CMP03047,ADV0331,Reach,2024-11-15,2025-01-02
CMP03048,ADV0331,Traffic,2025-01-14,2025-06-22
CMP03049,ADV0331,App Installs,2025-06-24,2025-09-02
CMP03050,ADV0331,Video Views,2025-09-08,2025-11-22
CMP03051,ADV0331,Reach,2025-12-05,2025-12-31
CMP03052,ADV0331,App Installs,2024-07-16,2024-12-09
CMP03053,ADV0331,Conversions,2024-12-11,2025-05-24
CMP03054,ADV0331,Video Views,2025-05-24,2025-09-04
CMP03055,ADV0331,Traffic,2025-09-13,2025-12-03
CMP03056,ADV0331,Conversions,2025-12-05,2025-12-31
CMP03057,ADV0332,Conversions,2024-07-01,2024-08-25
CMP03058,ADV0332,Traffic,2024-09-10,2024-12-30
CMP03059,ADV0332,Traffic,2025-01-03,2025-06-10
CMP03060,ADV0332,App Installs,2025-06-15,2025-10-26
CMP03061,ADV0332,Traffic,2025-10-29,2025-12-31
CMP03062,ADV0332,Conversions,2024-07-01,2024-11-23
CMP03063,ADV0332,Traffic,2024-11-29,2025-01-22
CMP03064,ADV0332,Conversions,2025-01-22,2025-06-25
CMP03065,ADV0332,Reach,2025-07-06,2025-11-27
CMP03066,ADV0332,Traffic,2025-12-12,2025-12-31
CMP03067,ADV0333,App Installs,2024-07-01,2024-07-22
CMP03068,ADV0333,Reach,2024-07-23,2024-12-07
CMP03069,ADV0333,Traffic,2024-12-23,2025-02-09
CMP03070,ADV0333,Traffic,2025-02-11,2025-06-14
CMP03071,ADV0333,Conversions,2025-06-17,2025-10-14
CMP03072,ADV0333,App Installs,2025-10-15,2025-12-31
CMP03073,ADV0333,Conversions,2024-07-01,2024-08-09
CMP03074,ADV0333,Reach,2024-08-13,2025-01-23
CMP03075,ADV0333,Conversions,2025-01-28,2025-07-10
CMP03076,ADV0333,Traffic,2025-07-25,2025-11-14
CMP03077,ADV0333,Conversions,2025-11-28,2025-12-31
CMP03078,ADV0333,Traffic,2024-07-01,2024-08-08
CMP03079,ADV0333,Conversions,2024-08-15,2024-10-12
CMP03080,ADV0333,App Installs,2024-10-17,2025-02-27
CMP03081,ADV0333,Video Views,2025-03-01,2025-07-19
CMP03082,ADV0333,Traffic,2025-07-19,2025-10-23
CMP03083,ADV0333,Conversions,2025-11-04,2025-12-31
CMP03084,ADV0333,Conversions,2024-07-01,2024-09-22
CMP03085,ADV0333,Video Views,2024-09-28,2025-01-29
CMP03086,ADV0333,App Installs,2025-02-04,2025-07-05
CMP03087,ADV0333,Traffic,2025-07-05,2025-09-16
CMP03088,ADV0333,Conversions,2025-10-01,2025-12-31
CMP03089,ADV0334,Conversions,2024-07-05,2024-11-06
CMP03090,ADV0334,Conversions,2024-11-06,2025-04-05
CMP03091,ADV0334,Conversions,2025-04-12,2025-07-23
CMP03092,ADV0334,Reach,2025-08-06,2025-11-15
CMP03093,ADV0334,Conversions,2025-11-16,2025-12-31
CMP03094,ADV0335,Conversions,2024-07-01,2024-11-29
CMP03095,ADV0335,Conversions,2024-12-10,2025-04-19
CMP03096,ADV0335,App Installs,2025-04-19,2025-09-08
CMP03097,ADV0335,Traffic,2025-09-17,2025-10-24
CMP03098,ADV0336,App Installs,2024-07-01,2024-08-22
CMP03099,ADV0336,Conversions,2024-08-25,2025-01-25
CMP03100,ADV0336,Traffic,2025-02-11,2025-03-28
CMP03101,ADV0336,Reach,2024-07-12,2024-10-13
CMP03102,ADV0336,Traffic,2024-10-20,2025-03-07
CMP03103,ADV0337,App Installs,2024-07-10,2024-11-24
CMP03104,ADV0337,Traffic,2024-11-30,2025-01-09
CMP03105,ADV0338,Traffic,2024-07-01,2024-07-26
CMP03106,ADV0338,Reach,2024-08-10,2024-11-27
CMP03107,ADV0338,Conversions,2024-12-02,2025-01-17
CMP03108,ADV0338,App Installs,2025-01-25,2025-06-22
CMP03109,ADV0338,Traffic,2025-06-25,2025-10-24
CMP03110,ADV0338,Traffic,2024-07-01,2024-08-29
CMP03111,ADV0338,Conversions,2024-09-06,2025-02-16
CMP03112,ADV0338,Video Views,2025-02-22,2025-06-23
CMP03113,ADV0338,Conversions,2025-06-28,2025-10-24
CMP03114,ADV0339,Conversions,2024-07-01,2024-07-08
CMP03115,ADV0339,Conversions,2024-07-24,2024-09-11
CMP03116,ADV0339,App Installs,2024-09-24,2024-11-08
CMP03117,ADV0339,Video Views,2024-11-22,2025-03-04
CMP03118,ADV0339,Traffic,2025-03-10,2025-08-19
CMP03119,ADV0339,Traffic,2025-08-28,2025-12-31
CMP03120,ADV0339,Conversions,2024-07-01,2024-09-28
CMP03121,ADV0339,Conversions,2024-10-03,2025-01-23
CMP03122,ADV0339,App Installs,2025-01-23,2025-06-10
CMP03123,ADV0339,Traffic,2025-06-24,2025-09-10
CMP03124,ADV0339,Conversions,2025-09-16,2025-12-31
CMP03125,ADV0339,Conversions,2024-07-01,2024-07-10
CMP03126,ADV0339,Conversions,2024-07-23,2024-11-09
CMP03127,ADV0339,Traffic,2024-11-21,2025-04-16
CMP03128,ADV0339,App Installs,2025-04-26,2025-09-08
CMP03129,ADV0339,App Installs,2025-09-12,2025-12-15
CMP03130,ADV0340,Conversions,2024-07-01,2024-09-24
CMP03131,ADV0340,App Installs,2024-10-07,2024-12-30
CMP03132,ADV0340,Traffic,2024-12-30,2025-04-16
CMP03133,ADV0340,Reach,2025-04-16,2025-06-18
CMP03134,ADV0340,Conversions,2025-06-20,2025-08-30
CMP03135,ADV0340,Conversions,2025-09-08,2025-10-24
CMP03136,ADV0340,Conversions,2024-07-01,2024-08-27
CMP03137,ADV0340,Conversions,2024-09-10,2025-01-19
CMP03138,ADV0340,Conversions,2025-01-26,2025-06-04
CMP03139,ADV0340,Reach,2025-06-08,2025-10-15
CMP03140,ADV0340,Reach,2024-07-14,2024-10-31
CMP03141,ADV0340,Conversions,2024-11-04,2025-03-31
CMP03142,ADV0340,Conversions,2025-04-04,2025-08-19
CMP03143,ADV0340,Traffic,2025-08-26,2025-10-24
